target,feature,mean_abs_shap_test,value_shap_corr
Zymoseptoria_tritici_Disease_Severity,Region,0.02734297,0.4825213460456073
Zymoseptoria_tritici_Disease_Severity,Leaf,0.25282782,0.9911091192046293
Zymoseptoria_tritici_Disease_Severity,Zymoseptoria_tritici_Disease_Severity_lag1,0.025448423,0.7933003275466668
Zymoseptoria_tritici_Disease_Severity,Yellow_rust_Disease_Severity_lag1,0.003026775,0.5290520896907221
Zymoseptoria_tritici_Disease_Severity,Zymoseptoria_tritici_Crop_Incidence_lag1,0.012323959,0.8691277712646492
Zymoseptoria_tritici_Disease_Severity,Yellow_rust_Crop_Incidence_lag1,0.0021404403,0.8495208212583114
Zymoseptoria_tritici_Disease_Severity,Zymoseptoria_tritici_Disease_Severity_lag2,0.034663048,0.8157033463044228
Zymoseptoria_tritici_Disease_Severity,Yellow_rust_Disease_Severity_lag2,0.001992554,0.7236483837220852
Zymoseptoria_tritici_Disease_Severity,Zymoseptoria_tritici_Crop_Incidence_lag2,0.04175686,0.7946399560625624
Zymoseptoria_tritici_Disease_Severity,Yellow_rust_Crop_Incidence_lag2,0.0043188315,-0.6953403768883296
Zymoseptoria_tritici_Disease_Severity,Zymoseptoria_tritici_Disease_Severity_other_leaf_lag1,0.003489614,-0.8560656335669591
Zymoseptoria_tritici_Disease_Severity,Yellow_rust_Disease_Severity_other_leaf_lag1,0.00294188,-0.3754115781330042
Zymoseptoria_tritici_Disease_Severity,Zymoseptoria_tritici_Crop_Incidence_other_leaf_lag1,0.00935615,-0.8861837004634853
Zymoseptoria_tritici_Disease_Severity,Yellow_rust_Crop_Incidence_other_leaf_lag1,0.003063207,-0.6041952910650126
Zymoseptoria_tritici_Disease_Severity,autumn_mean_temp,0.032154195,0.7665223937588723
Zymoseptoria_tritici_Disease_Severity,autumn_total_precip,0.002468689,-0.8763332066099121
Zymoseptoria_tritici_Disease_Severity,autumn_rain_days,0.026828295,-0.8189889235842162
Zymoseptoria_tritici_Disease_Severity,autumn_mean_rh,0.0036647313,0.7680946640418792
Zymoseptoria_tritici_Disease_Severity,autumn_mean_wind,0.0029177328,-0.8142495858353822
Zymoseptoria_tritici_Disease_Severity,winter_mean_temp,0.0064774333,-0.6919056461211844
Zymoseptoria_tritici_Disease_Severity,winter_total_precip,0.012766366,0.7912577943855092
Zymoseptoria_tritici_Disease_Severity,winter_rain_days,0.004234278,0.6907995624085826
Zymoseptoria_tritici_Disease_Severity,winter_mean_rh,0.017308522,-0.7807279985227327
Zymoseptoria_tritici_Disease_Severity,winter_mean_wind,0.0021531105,-0.895250266650255
Zymoseptoria_tritici_Disease_Severity,spring_mean_temp,0.014830309,0.6912262308640235
Zymoseptoria_tritici_Disease_Severity,spring_total_precip,0.0059047644,-0.2814664746707815
Zymoseptoria_tritici_Disease_Severity,spring_rain_days,0.0032247335,0.7230514238329027
Zymoseptoria_tritici_Disease_Severity,spring_mean_rh,0.089361094,0.8027398178782412
Zymoseptoria_tritici_Disease_Severity,spring_mean_wind,0.0026965193,0.2816340799737627
Zymoseptoria_tritici_Disease_Severity,spring_to_june_mean_temp,0.0016901022,-0.5277453042964168
Zymoseptoria_tritici_Disease_Severity,spring_to_june_total_precip,0.006457375,0.8045761786760289
Zymoseptoria_tritici_Disease_Severity,spring_to_june_rain_days,0.001431321,0.8487501085890882
Zymoseptoria_tritici_Disease_Severity,spring_to_june_mean_rh,0.122517094,0.8045053526104035
Zymoseptoria_tritici_Disease_Severity,spring_to_june_mean_wind,0.001982232,-0.4512880949833519
Zymoseptoria_tritici_Disease_Severity,autumn_thermal_time,0.011902165,0.7821917625825834
Zymoseptoria_tritici_Disease_Severity,autumn_wetness_hours,0.0055968575,-0.6795777096362108
Zymoseptoria_tritici_Disease_Severity,autumn_wet_day_frac,0.0034049642,-0.7454836258178643
Zymoseptoria_tritici_Disease_Severity,autumn_splash_risk,0.0023040003,-0.7987267302870428
Zymoseptoria_tritici_Disease_Severity,winter_thermal_time,0.0008752922,-0.39774576646881105
Zymoseptoria_tritici_Disease_Severity,winter_wetness_hours,0.0073788487,-0.7623307409265996
Zymoseptoria_tritici_Disease_Severity,winter_wet_day_frac,0.001380756,-0.3365273921587021
Zymoseptoria_tritici_Disease_Severity,winter_splash_risk,0.0024375296,0.830952241816843
Zymoseptoria_tritici_Disease_Severity,spring_thermal_time,0.0036642025,0.7000485164451968
Zymoseptoria_tritici_Disease_Severity,spring_wetness_hours,0.007020404,0.8392044519392897
Zymoseptoria_tritici_Disease_Severity,spring_wet_day_frac,0.006560573,0.7289359632100796
Zymoseptoria_tritici_Disease_Severity,spring_splash_risk,0.004621112,-0.3371289307669811
Zymoseptoria_tritici_Disease_Severity,spring_to_june_thermal_time,0.000326895,-0.04145980668922061
Zymoseptoria_tritici_Disease_Severity,spring_to_june_wetness_hours,0.01896233,0.8436583406575376
Zymoseptoria_tritici_Disease_Severity,spring_to_june_wet_day_frac,0.002203349,0.7855029774548664
Zymoseptoria_tritici_Disease_Severity,spring_to_june_splash_risk,0.00092328154,-0.3186408917368379
Zymoseptoria_tritici_Disease_Severity,season_total_thermal_time,0.0075040027,0.5336067312562466
Zymoseptoria_tritici_Disease_Severity,season_total_wetness_hours,0.003909082,-0.19805635798336024
Zymoseptoria_tritici_Disease_Severity,season_total_wet_day_frac,0.0022546353,0.006107906781639648
Zymoseptoria_tritici_Disease_Severity,season_total_splash_risk,0.0009339315,-0.20354570166620647
Zymoseptoria_tritici_Disease_Severity,fungicide_smoothed,0.017384956,-0.8594794645559259
Zymoseptoria_tritici_Disease_Severity,fungicide_decay_dose,0.05046905,-0.4698962400614455
Zymoseptoria_tritici_Disease_Severity,fungicide_residual_at_survey,0.0326818,-0.7649815590344654
Zymoseptoria_tritici_Disease_Severity,Unknown_ag_12,0.0049785716,-0.5241676450406616
Zymoseptoria_tritici_Disease_Severity,Cereals_ag_8_3,0.022653837,-0.8062308407405631
Zymoseptoria_tritici_Disease_Severity,Percentage of fields with wheat thrice in previous 4 years (%)_ag_11,0.0015844436,0.5792639903334104
Zymoseptoria_tritici_Disease_Severity,sow_offset,0.0071407566,-0.059007882917990986
Zymoseptoria_tritici_Disease_Severity,prop_anth,0.004046114,-0.577698179086084
Zymoseptoria_tritici_Disease_Severity,prop_nature,0.0041065686,0.7204518560057309
Zymoseptoria_tritici_Disease_Severity,gs31_39_days,0.0017611024,-0.6143884646836163
Zymoseptoria_tritici_Disease_Severity,gs31_39_mean_temp,0.0057588452,0.791328923184646
Zymoseptoria_tritici_Disease_Severity,gs31_39_total_precip,0.011387963,0.7629953017829363
Zymoseptoria_tritici_Disease_Severity,gs31_39_wetness_hours,0.0029283273,0.6717972845305235
Zymoseptoria_tritici_Disease_Severity,gs31_39_splash_risk,0.019098254,0.8413841096392085
Zymoseptoria_tritici_Disease_Severity,gs39_survey_days,0.005605126,0.24180645213758042
Zymoseptoria_tritici_Disease_Severity,gs39_survey_mean_temp,0.0064599914,-0.7971233967733824
Zymoseptoria_tritici_Disease_Severity,gs39_survey_total_precip,0.081956364,0.875169012188624
Zymoseptoria_tritici_Disease_Severity,gs39_survey_wetness_hours,0.10263193,0.9314293744837358
Zymoseptoria_tritici_Disease_Severity,gs39_survey_splash_risk,0.05666266,0.8274882491722142
Zymoseptoria_tritici_Disease_Severity,gs61_survey_days,0.008260715,0.725644055675777
Zymoseptoria_tritici_Disease_Severity,gs61_survey_mean_temp,0.0070560398,0.7991693949657068
Zymoseptoria_tritici_Disease_Severity,gs61_survey_total_precip,0.00308236,0.6271587091717499
Zymoseptoria_tritici_Disease_Severity,gs61_survey_wetness_hours,0.009522529,0.8662491401164119
Zymoseptoria_tritici_Disease_Severity,gs61_survey_splash_risk,0.0038263395,-0.4318866283458367
Yellow_rust_Disease_Severity,Region,0.0033240984,-0.5660022547492666
Yellow_rust_Disease_Severity,Leaf,6.967136e-05,0.9939166018207206
Yellow_rust_Disease_Severity,Zymoseptoria_tritici_Disease_Severity_lag1,0.00072809233,-0.25400363817396476
Yellow_rust_Disease_Severity,Yellow_rust_Disease_Severity_lag1,0.0013785256,0.8949583440375726
Yellow_rust_Disease_Severity,Zymoseptoria_tritici_Crop_Incidence_lag1,0.0002138962,-0.37267738887336904
Yellow_rust_Disease_Severity,Yellow_rust_Crop_Incidence_lag1,0.00067707227,0.8150637404314199
Yellow_rust_Disease_Severity,Zymoseptoria_tritici_Disease_Severity_lag2,0.0058384715,0.5077498419348904
Yellow_rust_Disease_Severity,Yellow_rust_Disease_Severity_lag2,0.005897116,0.19002604255895766
Yellow_rust_Disease_Severity,Zymoseptoria_tritici_Crop_Incidence_lag2,0.0021943375,0.6041290713791984
Yellow_rust_Disease_Severity,Yellow_rust_Crop_Incidence_lag2,0.011019175,0.1909938315683779
Yellow_rust_Disease_Severity,Zymoseptoria_tritici_Disease_Severity_other_leaf_lag1,0.000107557935,-0.14759131767980344
Yellow_rust_Disease_Severity,Yellow_rust_Disease_Severity_other_leaf_lag1,0.0007085794,0.8947245519754664
Yellow_rust_Disease_Severity,Zymoseptoria_tritici_Crop_Incidence_other_leaf_lag1,0.0010227411,-0.4859009797348005
Yellow_rust_Disease_Severity,Yellow_rust_Crop_Incidence_other_leaf_lag1,0.00085312437,0.8920558561542866
Yellow_rust_Disease_Severity,autumn_mean_temp,0.00617233,-0.5282567204586838
Yellow_rust_Disease_Severity,autumn_total_precip,0.00093454233,-0.46926560367381176
Yellow_rust_Disease_Severity,autumn_rain_days,0.00087509846,-0.5635775582641375
Yellow_rust_Disease_Severity,autumn_mean_rh,0.0005305082,-0.08979222956362078
Yellow_rust_Disease_Severity,autumn_mean_wind,0.00079075556,0.8351285171373202
Yellow_rust_Disease_Severity,winter_mean_temp,0.015707353,0.850566750989973
Yellow_rust_Disease_Severity,winter_total_precip,0.0026928172,-0.8176271048985909
Yellow_rust_Disease_Severity,winter_rain_days,0.00030571703,0.31985275677935654
Yellow_rust_Disease_Severity,winter_mean_rh,0.0009088656,0.33729468518112793
Yellow_rust_Disease_Severity,winter_mean_wind,0.00085981813,0.44653502054652894
Yellow_rust_Disease_Severity,spring_mean_temp,0.0005712396,0.7447283091460049
Yellow_rust_Disease_Severity,spring_total_precip,0.0007848729,-0.08535602215892658
Yellow_rust_Disease_Severity,spring_rain_days,0.010670632,0.7365666641490105
Yellow_rust_Disease_Severity,spring_mean_rh,0.0014064272,0.47375434149181994
Yellow_rust_Disease_Severity,spring_mean_wind,0.0009863588,-0.3685952575697363
Yellow_rust_Disease_Severity,spring_to_june_mean_temp,0.0008012954,-0.7401619114264383
Yellow_rust_Disease_Severity,spring_to_june_total_precip,0.00024269,-0.14420142816311016
Yellow_rust_Disease_Severity,spring_to_june_rain_days,0.0076438272,0.4040612834239287
Yellow_rust_Disease_Severity,spring_to_june_mean_rh,0.00027652463,0.1841067591627367
Yellow_rust_Disease_Severity,spring_to_june_mean_wind,0.00019773368,0.35845972648084296
Yellow_rust_Disease_Severity,autumn_thermal_time,0.0018563637,-0.5095987791865966
Yellow_rust_Disease_Severity,autumn_wetness_hours,6.399059e-05,-0.8738272656910859
Yellow_rust_Disease_Severity,autumn_wet_day_frac,0.0001210736,-0.8596056506717122
Yellow_rust_Disease_Severity,autumn_splash_risk,0.0011860975,-0.7693605717612964
Yellow_rust_Disease_Severity,winter_thermal_time,0.0043976284,0.8286616426195896
Yellow_rust_Disease_Severity,winter_wetness_hours,0.010147154,0.3890533249749818
Yellow_rust_Disease_Severity,winter_wet_day_frac,0.0014214583,0.5092549521155718
Yellow_rust_Disease_Severity,winter_splash_risk,0.0038525902,-0.7275962063967569
Yellow_rust_Disease_Severity,spring_thermal_time,0.0002650266,0.6089565433015364
Yellow_rust_Disease_Severity,spring_wetness_hours,0.005101463,0.7028352780669341
Yellow_rust_Disease_Severity,spring_wet_day_frac,0.0010433177,0.5631353308818
Yellow_rust_Disease_Severity,spring_splash_risk,0.0005727497,0.0436979894438746
Yellow_rust_Disease_Severity,spring_to_june_thermal_time,0.00019509386,-0.6897134749721927
Yellow_rust_Disease_Severity,spring_to_june_wetness_hours,0.006787577,0.4024522109211527
Yellow_rust_Disease_Severity,spring_to_june_wet_day_frac,0.00133473,0.33391330193180896
Yellow_rust_Disease_Severity,spring_to_june_splash_risk,0.00084936747,-0.29413511201235837
Yellow_rust_Disease_Severity,season_total_thermal_time,0.0012771704,0.2113432532014204
Yellow_rust_Disease_Severity,season_total_wetness_hours,0.0005094298,0.6618194474508279
Yellow_rust_Disease_Severity,season_total_wet_day_frac,0.00014139722,0.7212539557676715
Yellow_rust_Disease_Severity,season_total_splash_risk,0.0012249005,-0.7886701052136783
Yellow_rust_Disease_Severity,fungicide_smoothed,0.024340656,0.17209528726197135
Yellow_rust_Disease_Severity,fungicide_decay_dose,0.0063988483,-0.029109604982314834
Yellow_rust_Disease_Severity,fungicide_residual_at_survey,0.0035584215,0.15722890990193306
Yellow_rust_Disease_Severity,Unknown_ag_12,0.0005647885,0.5700411601298826
Yellow_rust_Disease_Severity,Cereals_ag_8_3,0.0016079992,0.8316650019978731
Yellow_rust_Disease_Severity,Percentage of fields with wheat thrice in previous 4 years (%)_ag_11,0.0008773499,-0.6098850986755502
Yellow_rust_Disease_Severity,sow_offset,0.00078325503,-0.13407763354182398
Yellow_rust_Disease_Severity,prop_anth,0.003218792,-0.09209767762388096
Yellow_rust_Disease_Severity,prop_nature,0.006215141,-0.20319111624740396
Yellow_rust_Disease_Severity,Zymoseptoria_tritici_Disease_Severity_natl_lag1,0.0012996641,-0.5051096140786338
Yellow_rust_Disease_Severity,Yellow_rust_Disease_Severity_natl_lag1,0.024949837,-0.17026251689849828
Yellow_rust_Disease_Severity,Zymoseptoria_tritici_Crop_Incidence_natl_lag1,0.0006507688,-0.35272802162204075
Yellow_rust_Disease_Severity,Yellow_rust_Crop_Incidence_natl_lag1,0.0033858393,0.8540084635540249
Zymoseptoria_tritici_Crop_Incidence,Region,0.59266144,0.29602306835521347
Zymoseptoria_tritici_Crop_Incidence,Leaf,7.90849,0.9923793695136537
Zymoseptoria_tritici_Crop_Incidence,Zymoseptoria_tritici_Disease_Severity_lag1,0.7619742,0.7225355858790556
Zymoseptoria_tritici_Crop_Incidence,Yellow_rust_Disease_Severity_lag1,0.16769531,-0.4483677059230054
Zymoseptoria_tritici_Crop_Incidence,Zymoseptoria_tritici_Crop_Incidence_lag1,0.68156976,0.8273289831932114
Zymoseptoria_tritici_Crop_Incidence,Yellow_rust_Crop_Incidence_lag1,0.15191332,-0.9277865317328251
Zymoseptoria_tritici_Crop_Incidence,Zymoseptoria_tritici_Disease_Severity_lag2,0.46271223,0.7399072015941651
Zymoseptoria_tritici_Crop_Incidence,Yellow_rust_Disease_Severity_lag2,0.046398915,-0.29441540969673485
Zymoseptoria_tritici_Crop_Incidence,Zymoseptoria_tritici_Crop_Incidence_lag2,1.5805159,0.9614154203076601
Zymoseptoria_tritici_Crop_Incidence,Yellow_rust_Crop_Incidence_lag2,0.6354371,-0.7888590724349498
Zymoseptoria_tritici_Crop_Incidence,Zymoseptoria_tritici_Disease_Severity_other_leaf_lag1,0.19838443,-0.8623509761148139
Zymoseptoria_tritici_Crop_Incidence,Yellow_rust_Disease_Severity_other_leaf_lag1,0.27060682,-0.5153131503814675
Zymoseptoria_tritici_Crop_Incidence,Zymoseptoria_tritici_Crop_Incidence_other_leaf_lag1,0.17720714,-0.8021318051292259
Zymoseptoria_tritici_Crop_Incidence,Yellow_rust_Crop_Incidence_other_leaf_lag1,0.51279664,-0.8231900823886015
Zymoseptoria_tritici_Crop_Incidence,autumn_mean_temp,1.016998,0.8832020960195965
Zymoseptoria_tritici_Crop_Incidence,autumn_total_precip,0.06798724,-0.8009931027328847
Zymoseptoria_tritici_Crop_Incidence,autumn_rain_days,0.4949996,-0.836425944124109
Zymoseptoria_tritici_Crop_Incidence,autumn_mean_rh,0.041440297,-0.1968917384096905
Zymoseptoria_tritici_Crop_Incidence,autumn_mean_wind,0.04967964,0.3887364155208774
Zymoseptoria_tritici_Crop_Incidence,winter_mean_temp,0.2771287,-0.8732603880277678
Zymoseptoria_tritici_Crop_Incidence,winter_total_precip,0.03346304,0.5293209023167581
Zymoseptoria_tritici_Crop_Incidence,winter_rain_days,0.022760492,-0.47626880186910553
Zymoseptoria_tritici_Crop_Incidence,winter_mean_rh,0.945491,-0.8334387782897932
Zymoseptoria_tritici_Crop_Incidence,winter_mean_wind,0.033713546,-0.18922795977091783
Zymoseptoria_tritici_Crop_Incidence,spring_mean_temp,0.3366287,0.8129048049735611
Zymoseptoria_tritici_Crop_Incidence,spring_total_precip,0.1560376,0.5793393923033187
Zymoseptoria_tritici_Crop_Incidence,spring_rain_days,0.07515026,0.47140103152684126
Zymoseptoria_tritici_Crop_Incidence,spring_mean_rh,0.93664104,0.906799823665519
Zymoseptoria_tritici_Crop_Incidence,spring_mean_wind,0.21365967,0.5155479491949004
Zymoseptoria_tritici_Crop_Incidence,spring_to_june_mean_temp,0.05526019,0.6635501268210335
Zymoseptoria_tritici_Crop_Incidence,spring_to_june_total_precip,0.22958264,0.5476169724657486
Zymoseptoria_tritici_Crop_Incidence,spring_to_june_rain_days,0.043367095,0.834257284686646
Zymoseptoria_tritici_Crop_Incidence,spring_to_june_mean_rh,2.5909212,0.8591505348627856
Zymoseptoria_tritici_Crop_Incidence,spring_to_june_mean_wind,0.054986894,0.021973643597733756
Zymoseptoria_tritici_Crop_Incidence,autumn_thermal_time,0.23737231,0.8445012032341895
Zymoseptoria_tritici_Crop_Incidence,autumn_wetness_hours,0.27777514,-0.7519475988461237
Zymoseptoria_tritici_Crop_Incidence,autumn_wet_day_frac,0.23411205,-0.8308195176931048
Zymoseptoria_tritici_Crop_Incidence,autumn_splash_risk,0.047476143,-0.7491844216624991
Zymoseptoria_tritici_Crop_Incidence,winter_thermal_time,0.14950612,-0.8478651871546353
Zymoseptoria_tritici_Crop_Incidence,winter_wetness_hours,0.13178273,-0.5194640469733682
Zymoseptoria_tritici_Crop_Incidence,winter_wet_day_frac,0.1231731,-0.6982810796665846
Zymoseptoria_tritici_Crop_Incidence,winter_splash_risk,0.16049758,0.7280525084565234
Zymoseptoria_tritici_Crop_Incidence,spring_thermal_time,0.11696477,0.8396999945466811
Zymoseptoria_tritici_Crop_Incidence,spring_wetness_hours,0.3906588,0.8559276079012766
Zymoseptoria_tritici_Crop_Incidence,spring_wet_day_frac,0.48029622,0.737667836162594
Zymoseptoria_tritici_Crop_Incidence,spring_splash_risk,0.19376895,0.5235902991422567
Zymoseptoria_tritici_Crop_Incidence,spring_to_june_thermal_time,0.010645957,0.5462873311550253
Zymoseptoria_tritici_Crop_Incidence,spring_to_june_wetness_hours,0.40353674,0.9322329577469002
Zymoseptoria_tritici_Crop_Incidence,spring_to_june_wet_day_frac,0.18497705,0.8780173192553892
Zymoseptoria_tritici_Crop_Incidence,spring_to_june_splash_risk,0.098184034,-0.39632791583407323
Zymoseptoria_tritici_Crop_Incidence,season_total_thermal_time,0.3457119,0.6977502786577908
Zymoseptoria_tritici_Crop_Incidence,season_total_wetness_hours,0.11802168,0.5703730517774771
Zymoseptoria_tritici_Crop_Incidence,season_total_wet_day_frac,0.08707983,-0.40345609531064536
Zymoseptoria_tritici_Crop_Incidence,season_total_splash_risk,0.17204133,0.056550904347567356
Zymoseptoria_tritici_Crop_Incidence,fungicide_smoothed,1.5342041,-0.12147008071876841
Zymoseptoria_tritici_Crop_Incidence,fungicide_decay_dose,6.3776784,-0.3762353861897475
Zymoseptoria_tritici_Crop_Incidence,fungicide_residual_at_survey,1.0515076,-0.760969459689857
Zymoseptoria_tritici_Crop_Incidence,Unknown_ag_12,0.3475195,-0.6872619366061007
Zymoseptoria_tritici_Crop_Incidence,Cereals_ag_8_3,0.87200034,-0.8677513057186662
Zymoseptoria_tritici_Crop_Incidence,Percentage of fields with wheat thrice in previous 4 years (%)_ag_11,0.21883538,0.623532214716522
Zymoseptoria_tritici_Crop_Incidence,sow_offset,0.4756472,-0.5781646691251702
Zymoseptoria_tritici_Crop_Incidence,prop_anth,0.0866542,0.2897219216967157
Zymoseptoria_tritici_Crop_Incidence,prop_nature,0.13100585,0.6669262537347558
Zymoseptoria_tritici_Crop_Incidence,gs31_39_days,0.07244473,-0.8989205713365471
Zymoseptoria_tritici_Crop_Incidence,gs31_39_mean_temp,0.3212765,0.9625871922975455
Zymoseptoria_tritici_Crop_Incidence,gs31_39_total_precip,0.6475909,0.8395202156101487
Zymoseptoria_tritici_Crop_Incidence,gs31_39_wetness_hours,0.09951564,0.9244955472116919
Zymoseptoria_tritici_Crop_Incidence,gs31_39_splash_risk,0.42784524,0.8375094582543934
Zymoseptoria_tritici_Crop_Incidence,gs39_survey_days,0.050821017,0.493335437083583
Zymoseptoria_tritici_Crop_Incidence,gs39_survey_mean_temp,0.14706758,-0.7064768136024552
Zymoseptoria_tritici_Crop_Incidence,gs39_survey_total_precip,2.7100537,0.8497711660521688
Zymoseptoria_tritici_Crop_Incidence,gs39_survey_wetness_hours,4.8015738,0.9209461249461021
Zymoseptoria_tritici_Crop_Incidence,gs39_survey_splash_risk,2.7857287,0.7895956427797203
Zymoseptoria_tritici_Crop_Incidence,gs61_survey_days,0.26761812,0.7164399579894438
Zymoseptoria_tritici_Crop_Incidence,gs61_survey_mean_temp,0.5866341,0.8128285723643393
Zymoseptoria_tritici_Crop_Incidence,gs61_survey_total_precip,0.07228682,-0.23821769336343845
Zymoseptoria_tritici_Crop_Incidence,gs61_survey_wetness_hours,0.111818925,0.723969952610877
Zymoseptoria_tritici_Crop_Incidence,gs61_survey_splash_risk,0.35312122,-0.6886916332943961
Yellow_rust_Crop_Incidence,Region,0.19385922,-0.5743056614273411
Yellow_rust_Crop_Incidence,Leaf,0.0,
Yellow_rust_Crop_Incidence,Zymoseptoria_tritici_Disease_Severity_lag1,0.03471439,-0.20907314840392016
Yellow_rust_Crop_Incidence,Yellow_rust_Disease_Severity_lag1,0.13919517,0.856712908337448
Yellow_rust_Crop_Incidence,Zymoseptoria_tritici_Crop_Incidence_lag1,0.044449203,-0.48708885684704284
Yellow_rust_Crop_Incidence,Yellow_rust_Crop_Incidence_lag1,0.017833045,0.6866841852704243
Yellow_rust_Crop_Incidence,Zymoseptoria_tritici_Disease_Severity_lag2,0.096448295,0.23971494861446752
Yellow_rust_Crop_Incidence,Yellow_rust_Disease_Severity_lag2,0.051449288,0.13164746248303946
Yellow_rust_Crop_Incidence,Zymoseptoria_tritici_Crop_Incidence_lag2,0.08449377,0.67156888621167
Yellow_rust_Crop_Incidence,Yellow_rust_Crop_Incidence_lag2,0.17693767,-0.6416078469726116
Yellow_rust_Crop_Incidence,Zymoseptoria_tritici_Disease_Severity_other_leaf_lag1,0.013366826,-0.4615796762365291
Yellow_rust_Crop_Incidence,Yellow_rust_Disease_Severity_other_leaf_lag1,0.08854822,0.9247682634675779
Yellow_rust_Crop_Incidence,Zymoseptoria_tritici_Crop_Incidence_other_leaf_lag1,0.014184266,-0.5570400733464228
Yellow_rust_Crop_Incidence,Yellow_rust_Crop_Incidence_other_leaf_lag1,0.021222351,0.6495451413818494
Yellow_rust_Crop_Incidence,autumn_mean_temp,0.22869158,-0.6540040281346089
Yellow_rust_Crop_Incidence,autumn_total_precip,0.025707727,0.06475552655690621
Yellow_rust_Crop_Incidence,autumn_rain_days,0.026077684,0.4187735085381578
Yellow_rust_Crop_Incidence,autumn_mean_rh,0.073685095,-0.7753019016047513
Yellow_rust_Crop_Incidence,autumn_mean_wind,0.097569786,0.6591700424872445
Yellow_rust_Crop_Incidence,winter_mean_temp,0.69169307,0.9028060903369666
Yellow_rust_Crop_Incidence,winter_total_precip,0.055263795,-0.8202722321800202
Yellow_rust_Crop_Incidence,winter_rain_days,0.0871355,-0.523014462952699
Yellow_rust_Crop_Incidence,winter_mean_rh,0.07243881,-0.09600174554695501
Yellow_rust_Crop_Incidence,winter_mean_wind,0.026011635,0.8420872740350632
Yellow_rust_Crop_Incidence,spring_mean_temp,0.04151152,0.7333983940521821
Yellow_rust_Crop_Incidence,spring_total_precip,0.018706199,-0.5844784783067943
Yellow_rust_Crop_Incidence,spring_rain_days,0.35640746,0.7665528395728708
Yellow_rust_Crop_Incidence,spring_mean_rh,0.02515006,0.705649888672978
Yellow_rust_Crop_Incidence,spring_mean_wind,0.105211854,-0.6537798886245432
Yellow_rust_Crop_Incidence,spring_to_june_mean_temp,0.024333734,-0.3473701405280269
Yellow_rust_Crop_Incidence,spring_to_june_total_precip,0.013674034,-0.8837095603028503
Yellow_rust_Crop_Incidence,spring_to_june_rain_days,0.19241364,0.5434353702045144
Yellow_rust_Crop_Incidence,spring_to_june_mean_rh,0.028905403,-0.45055946173066624
Yellow_rust_Crop_Incidence,spring_to_june_mean_wind,0.023195177,0.540645695949636
Yellow_rust_Crop_Incidence,autumn_thermal_time,0.06280728,-0.6631249618529075
Yellow_rust_Crop_Incidence,autumn_wetness_hours,0.012092811,-0.10755603419148858
Yellow_rust_Crop_Incidence,autumn_wet_day_frac,0.009531888,-0.06348629109138591
Yellow_rust_Crop_Incidence,autumn_splash_risk,0.014391889,-0.8513396657942207
Yellow_rust_Crop_Incidence,winter_thermal_time,0.26538676,0.9190620361487699
Yellow_rust_Crop_Incidence,winter_wetness_hours,0.0675688,0.4000534998311106
Yellow_rust_Crop_Incidence,winter_wet_day_frac,0.060647458,0.48491481856067065
Yellow_rust_Crop_Incidence,winter_splash_risk,0.08616178,-0.8366787577944803
Yellow_rust_Crop_Incidence,spring_thermal_time,0.017042622,0.6009459806414661
Yellow_rust_Crop_Incidence,spring_wetness_hours,0.26353997,0.711297994715372
Yellow_rust_Crop_Incidence,spring_wet_day_frac,0.3036887,0.6135403176626244
Yellow_rust_Crop_Incidence,spring_splash_risk,0.023386521,-0.14706983888948597
Yellow_rust_Crop_Incidence,spring_to_june_thermal_time,0.012723217,-0.3476269856124964
Yellow_rust_Crop_Incidence,spring_to_june_wetness_hours,0.23966968,0.5190760735905243
Yellow_rust_Crop_Incidence,spring_to_june_wet_day_frac,0.37161902,0.564707492246321
Yellow_rust_Crop_Incidence,spring_to_june_splash_risk,0.016991803,-0.6726877882633749
Yellow_rust_Crop_Incidence,season_total_thermal_time,0.0240748,0.027060896957188017
Yellow_rust_Crop_Incidence,season_total_wetness_hours,0.009426361,0.6636743672415535
Yellow_rust_Crop_Incidence,season_total_wet_day_frac,0.013624059,0.6845145418363002
Yellow_rust_Crop_Incidence,season_total_splash_risk,0.07291605,-0.8492674961218495
Yellow_rust_Crop_Incidence,fungicide_smoothed,2.4754798,0.1672341626060432
Yellow_rust_Crop_Incidence,fungicide_decay_dose,0.9645712,0.16055777280360228
Yellow_rust_Crop_Incidence,fungicide_residual_at_survey,0.06263711,0.24413212033634624
Yellow_rust_Crop_Incidence,Unknown_ag_12,0.019462135,0.5871272858735995
Yellow_rust_Crop_Incidence,Cereals_ag_8_3,0.14139916,0.7313764307320804
Yellow_rust_Crop_Incidence,Percentage of fields with wheat thrice in previous 4 years (%)_ag_11,0.16266987,0.47411472555116074
Yellow_rust_Crop_Incidence,sow_offset,0.018342521,0.12369932088835797
Yellow_rust_Crop_Incidence,prop_anth,0.023696404,-0.48932961852329904
Yellow_rust_Crop_Incidence,prop_nature,0.011934573,-0.3516923427359259
Yellow_rust_Crop_Incidence,Zymoseptoria_tritici_Disease_Severity_natl_lag1,0.02840611,-0.5139802426576486
Yellow_rust_Crop_Incidence,Yellow_rust_Disease_Severity_natl_lag1,1.1143936,0.9249358613727573
Yellow_rust_Crop_Incidence,Zymoseptoria_tritici_Crop_Incidence_natl_lag1,0.38012567,-0.2999085335405635
Yellow_rust_Crop_Incidence,Yellow_rust_Crop_Incidence_natl_lag1,0.3369029,0.7841433261190802
