origin,forecast_year,target,method,n,rmse
1995,1996,Zymoseptoria_tritici_Disease_Severity,persistence,18,2.378191621566456
1995,1996,Zymoseptoria_tritici_Disease_Severity,roll_k5,18,1.6901531285083684
1995,1996,Zymoseptoria_tritici_Disease_Severity,roll_k8,18,2.2273099258465647
1995,1996,Zymoseptoria_tritici_Disease_Severity,ewma_a30,18,2.0330193787345068
1995,1996,Zymoseptoria_tritici_Disease_Severity,ewma_a50,18,2.0883739603661406
1995,1996,Zymoseptoria_tritici_Disease_Severity,model_all,18,2.233881797511576
1995,1996,Zymoseptoria_tritici_Disease_Severity,model_mech,18,2.3861996384671853
1995,1996,Zymoseptoria_tritici_Disease_Severity,blend_mech_roll8,18,2.294500197664311
1995,1996,Zymoseptoria_tritici_Disease_Severity,blend_all_roll8,18,2.221631110897918
1995,1996,Yellow_rust_Disease_Severity,persistence,18,0.00676592771006148
1995,1996,Yellow_rust_Disease_Severity,roll_k5,18,0.007761375676919748
1995,1996,Yellow_rust_Disease_Severity,roll_k8,18,0.12796447805124544
1995,1996,Yellow_rust_Disease_Severity,ewma_a30,18,0.041145686479339506
1995,1996,Yellow_rust_Disease_Severity,ewma_a50,18,0.012823022516473522
1995,1996,Yellow_rust_Disease_Severity,model_all,18,0.04744797776942153
1995,1996,Yellow_rust_Disease_Severity,model_mech,18,0.0716983244865444
1995,1996,Yellow_rust_Disease_Severity,blend_mech_roll8,18,0.08800806072482485
1995,1996,Yellow_rust_Disease_Severity,blend_all_roll8,18,0.08401331872921071
1995,1996,Zymoseptoria_tritici_Crop_Incidence,persistence,18,21.994714472395913
1995,1996,Zymoseptoria_tritici_Crop_Incidence,roll_k5,18,17.2757128220195
1995,1996,Zymoseptoria_tritici_Crop_Incidence,roll_k8,18,16.521667619802674
1995,1996,Zymoseptoria_tritici_Crop_Incidence,ewma_a30,18,15.951696892653976
1995,1996,Zymoseptoria_tritici_Crop_Incidence,ewma_a50,18,16.100360244297484
1995,1996,Zymoseptoria_tritici_Crop_Incidence,model_all,18,14.452393062359604
1995,1996,Zymoseptoria_tritici_Crop_Incidence,model_mech,18,16.474193945731546
1995,1996,Zymoseptoria_tritici_Crop_Incidence,blend_mech_roll8,18,16.10277173136867
1995,1996,Zymoseptoria_tritici_Crop_Incidence,blend_all_roll8,18,15.028788564058674
1995,1996,Yellow_rust_Crop_Incidence,persistence,18,1.8769542556433754
1995,1996,Yellow_rust_Crop_Incidence,roll_k5,18,1.9647063286348365
1995,1996,Yellow_rust_Crop_Incidence,roll_k8,18,8.021580949086225
1995,1996,Yellow_rust_Crop_Incidence,ewma_a30,18,3.6615577388389955
1995,1996,Yellow_rust_Crop_Incidence,ewma_a50,18,2.0429988961161207
1995,1996,Yellow_rust_Crop_Incidence,model_all,18,4.457630740686881
1995,1996,Yellow_rust_Crop_Incidence,model_mech,18,2.907926090333462
1995,1996,Yellow_rust_Crop_Incidence,blend_mech_roll8,18,5.379478955633208
1995,1996,Yellow_rust_Crop_Incidence,blend_all_roll8,18,6.035589525786672
1996,1997,Zymoseptoria_tritici_Disease_Severity,persistence,18,1.6131841701016865
1996,1997,Zymoseptoria_tritici_Disease_Severity,roll_k5,18,1.096769300225555
1996,1997,Zymoseptoria_tritici_Disease_Severity,roll_k8,18,1.3766127243575335
1996,1997,Zymoseptoria_tritici_Disease_Severity,ewma_a30,18,1.1218672988933558
1996,1997,Zymoseptoria_tritici_Disease_Severity,ewma_a50,18,1.1283832444342996
1996,1997,Zymoseptoria_tritici_Disease_Severity,model_all,18,1.3282791166353594
1996,1997,Zymoseptoria_tritici_Disease_Severity,model_mech,18,1.2982873389842369
1996,1997,Zymoseptoria_tritici_Disease_Severity,blend_mech_roll8,18,1.2682786904745724
1996,1997,Zymoseptoria_tritici_Disease_Severity,blend_all_roll8,18,1.1482288810088612
1996,1997,Yellow_rust_Disease_Severity,persistence,18,0.07512840859340611
1996,1997,Yellow_rust_Disease_Severity,roll_k5,18,0.07214407738518225
1996,1997,Yellow_rust_Disease_Severity,roll_k8,18,0.10237541350510856
1996,1997,Yellow_rust_Disease_Severity,ewma_a30,18,0.06427284478630488
1996,1997,Yellow_rust_Disease_Severity,ewma_a50,18,0.07074933304147006
1996,1997,Yellow_rust_Disease_Severity,model_all,18,0.08673066564979186
1996,1997,Yellow_rust_Disease_Severity,model_mech,18,0.07001989795214572
1996,1997,Yellow_rust_Disease_Severity,blend_mech_roll8,18,0.07974098393626906
1996,1997,Yellow_rust_Disease_Severity,blend_all_roll8,18,0.08597258100809106
1996,1997,Zymoseptoria_tritici_Crop_Incidence,persistence,18,30.311559245424657
1996,1997,Zymoseptoria_tritici_Crop_Incidence,roll_k5,18,22.672189009690065
1996,1997,Zymoseptoria_tritici_Crop_Incidence,roll_k8,18,25.39184811230092
1996,1997,Zymoseptoria_tritici_Crop_Incidence,ewma_a30,18,25.021728058033275
1996,1997,Zymoseptoria_tritici_Crop_Incidence,ewma_a50,18,27.08911675656999
1996,1997,Zymoseptoria_tritici_Crop_Incidence,model_all,18,27.140277140428946
1996,1997,Zymoseptoria_tritici_Crop_Incidence,model_mech,18,23.677162622673368
1996,1997,Zymoseptoria_tritici_Crop_Incidence,blend_mech_roll8,18,23.84267048934473
1996,1997,Zymoseptoria_tritici_Crop_Incidence,blend_all_roll8,18,25.656275506023235
1996,1997,Yellow_rust_Crop_Incidence,persistence,18,3.5426205225322493
1996,1997,Yellow_rust_Crop_Incidence,roll_k5,18,2.830387171395461
1996,1997,Yellow_rust_Crop_Incidence,roll_k8,18,4.816782656114971
1996,1997,Yellow_rust_Crop_Incidence,ewma_a30,18,2.1558166024581733
1996,1997,Yellow_rust_Crop_Incidence,ewma_a50,18,2.738004226862048
1996,1997,Yellow_rust_Crop_Incidence,model_all,18,3.348413408151866
1996,1997,Yellow_rust_Crop_Incidence,model_mech,18,3.2322053699504405
1996,1997,Yellow_rust_Crop_Incidence,blend_mech_roll8,18,3.9150430032883063
1996,1997,Yellow_rust_Crop_Incidence,blend_all_roll8,18,3.8488750877922335
1997,1998,Zymoseptoria_tritici_Disease_Severity,persistence,18,8.047288204385652
1997,1998,Zymoseptoria_tritici_Disease_Severity,roll_k5,18,8.463918168346767
1997,1998,Zymoseptoria_tritici_Disease_Severity,roll_k8,18,8.767832950063204
1997,1998,Zymoseptoria_tritici_Disease_Severity,ewma_a30,18,8.576467598570902
1997,1998,Zymoseptoria_tritici_Disease_Severity,ewma_a50,18,8.352707382600073
1997,1998,Zymoseptoria_tritici_Disease_Severity,model_all,18,7.517509222936232
1997,1998,Zymoseptoria_tritici_Disease_Severity,model_mech,18,7.810371250974289
1997,1998,Zymoseptoria_tritici_Disease_Severity,blend_mech_roll8,18,8.27192372948399
1997,1998,Zymoseptoria_tritici_Disease_Severity,blend_all_roll8,18,8.080869476734579
1997,1998,Yellow_rust_Disease_Severity,persistence,18,0.15039189546721662
1997,1998,Yellow_rust_Disease_Severity,roll_k5,18,0.19233989460130588
1997,1998,Yellow_rust_Disease_Severity,roll_k8,18,0.17732800268540436
1997,1998,Yellow_rust_Disease_Severity,ewma_a30,18,0.18041824547167712
1997,1998,Yellow_rust_Disease_Severity,ewma_a50,18,0.17555559969050938
1997,1998,Yellow_rust_Disease_Severity,model_all,18,0.3109172747329807
1997,1998,Yellow_rust_Disease_Severity,model_mech,18,0.22098590494237563
1997,1998,Yellow_rust_Disease_Severity,blend_mech_roll8,18,0.18760726668806113
1997,1998,Yellow_rust_Disease_Severity,blend_all_roll8,18,0.20960723486165256
1997,1998,Zymoseptoria_tritici_Crop_Incidence,persistence,18,15.844393679013265
1997,1998,Zymoseptoria_tritici_Crop_Incidence,roll_k5,18,28.403215222537355
1997,1998,Zymoseptoria_tritici_Crop_Incidence,roll_k8,18,29.745087744966042
1997,1998,Zymoseptoria_tritici_Crop_Incidence,ewma_a30,18,27.94932868157191
1997,1998,Zymoseptoria_tritici_Crop_Incidence,ewma_a50,18,24.782421935737403
1997,1998,Zymoseptoria_tritici_Crop_Incidence,model_all,18,15.155730170648205
1997,1998,Zymoseptoria_tritici_Crop_Incidence,model_mech,18,17.460730925068468
1997,1998,Zymoseptoria_tritici_Crop_Incidence,blend_mech_roll8,18,22.618267148389208
1997,1998,Zymoseptoria_tritici_Crop_Incidence,blend_all_roll8,18,21.57886476664036
1997,1998,Yellow_rust_Crop_Incidence,persistence,18,6.404327165631409
1997,1998,Yellow_rust_Crop_Incidence,roll_k5,18,7.718267860803428
1997,1998,Yellow_rust_Crop_Incidence,roll_k8,18,6.572579719704813
1997,1998,Yellow_rust_Crop_Incidence,ewma_a30,18,6.951431657236355
1997,1998,Yellow_rust_Crop_Incidence,ewma_a50,18,7.275138165483692
1997,1998,Yellow_rust_Crop_Incidence,model_all,18,23.114692680400093
1997,1998,Yellow_rust_Crop_Incidence,model_mech,18,6.368899636696247
1997,1998,Yellow_rust_Crop_Incidence,blend_mech_roll8,18,5.855060121722555
1997,1998,Yellow_rust_Crop_Incidence,blend_all_roll8,18,11.875759036462586
1998,1999,Zymoseptoria_tritici_Disease_Severity,persistence,18,4.391386107420349
1998,1999,Zymoseptoria_tritici_Disease_Severity,roll_k5,18,5.488758620682037
1998,1999,Zymoseptoria_tritici_Disease_Severity,roll_k8,18,5.393429285823039
1998,1999,Zymoseptoria_tritici_Disease_Severity,ewma_a30,18,4.761767815903785
1998,1999,Zymoseptoria_tritici_Disease_Severity,ewma_a50,18,3.477300403529786
1998,1999,Zymoseptoria_tritici_Disease_Severity,model_all,18,4.008728570599352
1998,1999,Zymoseptoria_tritici_Disease_Severity,model_mech,18,3.847333518626641
1998,1999,Zymoseptoria_tritici_Disease_Severity,blend_mech_roll8,18,4.563363590651782
1998,1999,Zymoseptoria_tritici_Disease_Severity,blend_all_roll8,18,4.658202527535224
1998,1999,Yellow_rust_Disease_Severity,persistence,18,0.1925168102328267
1998,1999,Yellow_rust_Disease_Severity,roll_k5,18,0.04550829931215382
1998,1999,Yellow_rust_Disease_Severity,roll_k8,18,0.03409866915356344
1998,1999,Yellow_rust_Disease_Severity,ewma_a30,18,0.06456313664725567
1998,1999,Yellow_rust_Disease_Severity,ewma_a50,18,0.10068141433188262
1998,1999,Yellow_rust_Disease_Severity,model_all,18,0.14291230684513015
1998,1999,Yellow_rust_Disease_Severity,model_mech,18,0.10482043800345994
1998,1999,Yellow_rust_Disease_Severity,blend_mech_roll8,18,0.05227334906075542
1998,1999,Yellow_rust_Disease_Severity,blend_all_roll8,18,0.0726863774322964
1998,1999,Zymoseptoria_tritici_Crop_Incidence,persistence,18,15.313452914567199
1998,1999,Zymoseptoria_tritici_Crop_Incidence,roll_k5,18,21.41206717095137
1998,1999,Zymoseptoria_tritici_Crop_Incidence,roll_k8,18,18.636856483692473
1998,1999,Zymoseptoria_tritici_Crop_Incidence,ewma_a30,18,15.275042150625003
1998,1999,Zymoseptoria_tritici_Crop_Incidence,ewma_a50,18,11.440932328282923
1998,1999,Zymoseptoria_tritici_Crop_Incidence,model_all,18,12.109038729635673
1998,1999,Zymoseptoria_tritici_Crop_Incidence,model_mech,18,12.058946991280553
1998,1999,Zymoseptoria_tritici_Crop_Incidence,blend_mech_roll8,18,14.416766835279835
1998,1999,Zymoseptoria_tritici_Crop_Incidence,blend_all_roll8,18,14.53658227136224
1998,1999,Yellow_rust_Crop_Incidence,persistence,18,5.930916698866111
1998,1999,Yellow_rust_Crop_Incidence,roll_k5,18,4.7899686241143575
1998,1999,Yellow_rust_Crop_Incidence,roll_k8,18,4.88814459863735
1998,1999,Yellow_rust_Crop_Incidence,ewma_a30,18,4.167765021676933
1998,1999,Yellow_rust_Crop_Incidence,ewma_a50,18,4.284304389008187
1998,1999,Yellow_rust_Crop_Incidence,model_all,18,5.6818502621229365
1998,1999,Yellow_rust_Crop_Incidence,model_mech,18,5.325848182317144
1998,1999,Yellow_rust_Crop_Incidence,blend_mech_roll8,18,3.4745079531245255
1998,1999,Yellow_rust_Crop_Incidence,blend_all_roll8,18,3.518155833068362
1999,2000,Zymoseptoria_tritici_Disease_Severity,persistence,18,3.3965701000339217
1999,2000,Zymoseptoria_tritici_Disease_Severity,roll_k5,18,3.079326920809179
1999,2000,Zymoseptoria_tritici_Disease_Severity,roll_k8,18,3.65172680269108
1999,2000,Zymoseptoria_tritici_Disease_Severity,ewma_a30,18,2.6676650299443048
1999,2000,Zymoseptoria_tritici_Disease_Severity,ewma_a50,18,2.353319761068416
1999,2000,Zymoseptoria_tritici_Disease_Severity,model_all,18,1.8640474349934268
1999,2000,Zymoseptoria_tritici_Disease_Severity,model_mech,18,2.249596538828858
1999,2000,Zymoseptoria_tritici_Disease_Severity,blend_mech_roll8,18,2.760609284524923
1999,2000,Zymoseptoria_tritici_Disease_Severity,blend_all_roll8,18,2.366197694093825
1999,2000,Yellow_rust_Disease_Severity,persistence,18,0.03799415159673336
1999,2000,Yellow_rust_Disease_Severity,roll_k5,18,0.05554210159317425
1999,2000,Yellow_rust_Disease_Severity,roll_k8,18,0.037541989707338734
1999,2000,Yellow_rust_Disease_Severity,ewma_a30,18,0.060743564982794485
1999,2000,Yellow_rust_Disease_Severity,ewma_a50,18,0.06572171672596981
1999,2000,Yellow_rust_Disease_Severity,model_all,18,0.08163072938974572
1999,2000,Yellow_rust_Disease_Severity,model_mech,18,0.07512459005217646
1999,2000,Yellow_rust_Disease_Severity,blend_mech_roll8,18,0.05077541115551562
1999,2000,Yellow_rust_Disease_Severity,blend_all_roll8,18,0.05335975867305376
1999,2000,Zymoseptoria_tritici_Crop_Incidence,persistence,18,17.83361332802002
1999,2000,Zymoseptoria_tritici_Crop_Incidence,roll_k5,18,25.1378470477397
1999,2000,Zymoseptoria_tritici_Crop_Incidence,roll_k8,18,28.59097531161008
1999,2000,Zymoseptoria_tritici_Crop_Incidence,ewma_a30,18,22.45383048370855
1999,2000,Zymoseptoria_tritici_Crop_Incidence,ewma_a50,18,17.66523603016944
1999,2000,Zymoseptoria_tritici_Crop_Incidence,model_all,18,10.702767515396587
1999,2000,Zymoseptoria_tritici_Crop_Incidence,model_mech,18,21.754625041827435
1999,2000,Zymoseptoria_tritici_Crop_Incidence,blend_mech_roll8,18,24.749210614472783
1999,2000,Zymoseptoria_tritici_Crop_Incidence,blend_all_roll8,18,19.28146374480075
1999,2000,Yellow_rust_Crop_Incidence,persistence,18,6.106766156394798
1999,2000,Yellow_rust_Crop_Incidence,roll_k5,18,3.173285378139053
1999,2000,Yellow_rust_Crop_Incidence,roll_k8,18,2.632753155859375
1999,2000,Yellow_rust_Crop_Incidence,ewma_a30,18,4.211479381380558
1999,2000,Yellow_rust_Crop_Incidence,ewma_a50,18,5.088815109232811
1999,2000,Yellow_rust_Crop_Incidence,model_all,18,8.850292300257646
1999,2000,Yellow_rust_Crop_Incidence,model_mech,18,5.390308579423039
1999,2000,Yellow_rust_Crop_Incidence,blend_mech_roll8,18,3.877878195342863
1999,2000,Yellow_rust_Crop_Incidence,blend_all_roll8,18,5.53826809291363
2000,2001,Zymoseptoria_tritici_Disease_Severity,persistence,18,5.775964628431245
2000,2001,Zymoseptoria_tritici_Disease_Severity,roll_k5,18,4.580943418768009
2000,2001,Zymoseptoria_tritici_Disease_Severity,roll_k8,18,3.214014342160692
2000,2001,Zymoseptoria_tritici_Disease_Severity,ewma_a30,18,4.216331861322119
2000,2001,Zymoseptoria_tritici_Disease_Severity,ewma_a50,18,5.4458036281563755
2000,2001,Zymoseptoria_tritici_Disease_Severity,model_all,18,1.5609011453081654
2000,2001,Zymoseptoria_tritici_Disease_Severity,model_mech,18,2.759208665505644
2000,2001,Zymoseptoria_tritici_Disease_Severity,blend_mech_roll8,18,2.9301732171444907
2000,2001,Zymoseptoria_tritici_Disease_Severity,blend_all_roll8,18,2.3263248434448154
2000,2001,Yellow_rust_Disease_Severity,persistence,18,0.028241026106633513
2000,2001,Yellow_rust_Disease_Severity,roll_k5,18,0.0462572845228579
2000,2001,Yellow_rust_Disease_Severity,roll_k8,18,0.029836037794745637
2000,2001,Yellow_rust_Disease_Severity,ewma_a30,18,0.036435486010610314
2000,2001,Yellow_rust_Disease_Severity,ewma_a50,18,0.02989238112962279
2000,2001,Yellow_rust_Disease_Severity,model_all,18,0.08758255588861548
2000,2001,Yellow_rust_Disease_Severity,model_mech,18,0.03681497659399212
2000,2001,Yellow_rust_Disease_Severity,blend_mech_roll8,18,0.03019365241436301
2000,2001,Yellow_rust_Disease_Severity,blend_all_roll8,18,0.053615147946505626
2000,2001,Zymoseptoria_tritici_Crop_Incidence,persistence,18,51.195391645906746
2000,2001,Zymoseptoria_tritici_Crop_Incidence,roll_k5,18,37.796740531867734
2000,2001,Zymoseptoria_tritici_Crop_Incidence,roll_k8,18,31.57512591957165
2000,2001,Zymoseptoria_tritici_Crop_Incidence,ewma_a30,18,37.89881882487414
2000,2001,Zymoseptoria_tritici_Crop_Incidence,ewma_a50,18,44.17876982988841
2000,2001,Zymoseptoria_tritici_Crop_Incidence,model_all,18,20.4754037371419
2000,2001,Zymoseptoria_tritici_Crop_Incidence,model_mech,18,38.37416036448735
2000,2001,Zymoseptoria_tritici_Crop_Incidence,blend_mech_roll8,18,34.707269954296976
2000,2001,Zymoseptoria_tritici_Crop_Incidence,blend_all_roll8,18,25.69336127931691
2000,2001,Yellow_rust_Crop_Incidence,persistence,18,1.8334688889279431
2000,2001,Yellow_rust_Crop_Incidence,roll_k5,18,3.322275753489199
2000,2001,Yellow_rust_Crop_Incidence,roll_k8,18,2.494864622976398
2000,2001,Yellow_rust_Crop_Incidence,ewma_a30,18,3.264404475775454
2000,2001,Yellow_rust_Crop_Incidence,ewma_a50,18,2.9736080976660184
2000,2001,Yellow_rust_Crop_Incidence,model_all,18,9.170433302834063
2000,2001,Yellow_rust_Crop_Incidence,model_mech,18,3.667815172715629
2000,2001,Yellow_rust_Crop_Incidence,blend_mech_roll8,18,2.9993708424978873
2000,2001,Yellow_rust_Crop_Incidence,blend_all_roll8,18,5.7406523216515835
2001,2002,Zymoseptoria_tritici_Disease_Severity,persistence,18,9.466627714121739
2001,2002,Zymoseptoria_tritici_Disease_Severity,roll_k5,18,7.013376252208605
2001,2002,Zymoseptoria_tritici_Disease_Severity,roll_k8,18,7.550314752756004
2001,2002,Zymoseptoria_tritici_Disease_Severity,ewma_a30,18,7.683143313211029
2001,2002,Zymoseptoria_tritici_Disease_Severity,ewma_a50,18,8.15342183788117
2001,2002,Zymoseptoria_tritici_Disease_Severity,model_all,18,6.714994503802482
2001,2002,Zymoseptoria_tritici_Disease_Severity,model_mech,18,7.035837753332026
2001,2002,Zymoseptoria_tritici_Disease_Severity,blend_mech_roll8,18,7.267378889432818
2001,2002,Zymoseptoria_tritici_Disease_Severity,blend_all_roll8,18,7.118047265284742
2001,2002,Yellow_rust_Disease_Severity,persistence,18,0.022459840703897355
2001,2002,Yellow_rust_Disease_Severity,roll_k5,18,0.055245399609852294
2001,2002,Yellow_rust_Disease_Severity,roll_k8,18,0.035113722347912234
2001,2002,Yellow_rust_Disease_Severity,ewma_a30,18,0.03285289623171126
2001,2002,Yellow_rust_Disease_Severity,ewma_a50,18,0.023915502405869583
2001,2002,Yellow_rust_Disease_Severity,model_all,18,0.08577876846641054
2001,2002,Yellow_rust_Disease_Severity,model_mech,18,0.06813035524328169
2001,2002,Yellow_rust_Disease_Severity,blend_mech_roll8,18,0.04579177341839168
2001,2002,Yellow_rust_Disease_Severity,blend_all_roll8,18,0.054290590554043
2001,2002,Zymoseptoria_tritici_Crop_Incidence,persistence,18,43.03978594342165
2001,2002,Zymoseptoria_tritici_Crop_Incidence,roll_k5,18,15.413961112215404
2001,2002,Zymoseptoria_tritici_Crop_Incidence,roll_k8,18,22.175982280401794
2001,2002,Zymoseptoria_tritici_Crop_Incidence,ewma_a30,18,20.108015355724167
2001,2002,Zymoseptoria_tritici_Crop_Incidence,ewma_a50,18,22.977487786864284
2001,2002,Zymoseptoria_tritici_Crop_Incidence,model_all,18,10.92499792335807
2001,2002,Zymoseptoria_tritici_Crop_Incidence,model_mech,18,15.064336110922007
2001,2002,Zymoseptoria_tritici_Crop_Incidence,blend_mech_roll8,18,17.636970167854226
2001,2002,Zymoseptoria_tritici_Crop_Incidence,blend_all_roll8,18,15.518417184592346
2001,2002,Yellow_rust_Crop_Incidence,persistence,18,2.2266632485003703
2001,2002,Yellow_rust_Crop_Incidence,roll_k5,18,3.631457297314981
2001,2002,Yellow_rust_Crop_Incidence,roll_k8,18,2.633095947897329
2001,2002,Yellow_rust_Crop_Incidence,ewma_a30,18,2.768539328191619
2001,2002,Yellow_rust_Crop_Incidence,ewma_a50,18,2.365416733452517
2001,2002,Yellow_rust_Crop_Incidence,model_all,18,8.325871315215954
2001,2002,Yellow_rust_Crop_Incidence,model_mech,18,3.9160230606737163
2001,2002,Yellow_rust_Crop_Incidence,blend_mech_roll8,18,3.1395050351275327
2001,2002,Yellow_rust_Crop_Incidence,blend_all_roll8,18,5.238840121353018
2002,2003,Zymoseptoria_tritici_Disease_Severity,persistence,16,7.811536808624791
2002,2003,Zymoseptoria_tritici_Disease_Severity,roll_k5,16,2.8052522073663164
2002,2003,Zymoseptoria_tritici_Disease_Severity,roll_k8,16,3.0644183616320704
2002,2003,Zymoseptoria_tritici_Disease_Severity,ewma_a30,16,3.3327720390087365
2002,2003,Zymoseptoria_tritici_Disease_Severity,ewma_a50,16,3.727403697783513
2002,2003,Zymoseptoria_tritici_Disease_Severity,model_all,16,3.6950333491654477
2002,2003,Zymoseptoria_tritici_Disease_Severity,model_mech,16,4.065692577076605
2002,2003,Zymoseptoria_tritici_Disease_Severity,blend_mech_roll8,16,3.479140482990447
2002,2003,Zymoseptoria_tritici_Disease_Severity,blend_all_roll8,16,3.3224020982662017
2002,2003,Yellow_rust_Disease_Severity,persistence,16,0.002436698586202241
2002,2003,Yellow_rust_Disease_Severity,roll_k5,16,0.03137950687834255
2002,2003,Yellow_rust_Disease_Severity,roll_k8,16,0.023579937434106454
2002,2003,Yellow_rust_Disease_Severity,ewma_a30,16,0.018927684802880877
2002,2003,Yellow_rust_Disease_Severity,ewma_a50,16,0.011216232872842362
2002,2003,Yellow_rust_Disease_Severity,model_all,16,0.00999901959417106
2002,2003,Yellow_rust_Disease_Severity,model_mech,16,0.03396996955753902
2002,2003,Yellow_rust_Disease_Severity,blend_mech_roll8,16,0.025818722746805065
2002,2003,Yellow_rust_Disease_Severity,blend_all_roll8,16,0.01483892658032971
2002,2003,Zymoseptoria_tritici_Crop_Incidence,persistence,16,21.017963465807053
2002,2003,Zymoseptoria_tritici_Crop_Incidence,roll_k5,16,12.811844059599695
2002,2003,Zymoseptoria_tritici_Crop_Incidence,roll_k8,16,15.481690337588605
2002,2003,Zymoseptoria_tritici_Crop_Incidence,ewma_a30,16,15.967601016512894
2002,2003,Zymoseptoria_tritici_Crop_Incidence,ewma_a50,16,17.631894366000207
2002,2003,Zymoseptoria_tritici_Crop_Incidence,model_all,16,20.029966382660703
2002,2003,Zymoseptoria_tritici_Crop_Incidence,model_mech,16,18.84168960030086
2002,2003,Zymoseptoria_tritici_Crop_Incidence,blend_mech_roll8,16,16.454138810419344
2002,2003,Zymoseptoria_tritici_Crop_Incidence,blend_all_roll8,16,17.007619145261966
2002,2003,Yellow_rust_Crop_Incidence,persistence,16,2.2495130028519505
2002,2003,Yellow_rust_Crop_Incidence,roll_k5,16,3.2606368373371484
2002,2003,Yellow_rust_Crop_Incidence,roll_k8,16,2.515248195964901
2002,2003,Yellow_rust_Crop_Incidence,ewma_a30,16,2.2052631857743625
2002,2003,Yellow_rust_Crop_Incidence,ewma_a50,16,1.7208832943998364
2002,2003,Yellow_rust_Crop_Incidence,model_all,16,3.377747165625785
2002,2003,Yellow_rust_Crop_Incidence,model_mech,16,2.936840083986269
2002,2003,Yellow_rust_Crop_Incidence,blend_mech_roll8,16,2.6078321771135533
2002,2003,Yellow_rust_Crop_Incidence,blend_all_roll8,16,2.8697291312027513
2003,2004,Zymoseptoria_tritici_Disease_Severity,persistence,16,3.087489949376354
2003,2004,Zymoseptoria_tritici_Disease_Severity,roll_k5,16,3.708304063060318
2003,2004,Zymoseptoria_tritici_Disease_Severity,roll_k8,16,3.7265317709509516
2003,2004,Zymoseptoria_tritici_Disease_Severity,ewma_a30,16,3.7845625145744237
2003,2004,Zymoseptoria_tritici_Disease_Severity,ewma_a50,16,3.5688278673804525
2003,2004,Zymoseptoria_tritici_Disease_Severity,model_all,16,4.2363987219433445
2003,2004,Zymoseptoria_tritici_Disease_Severity,model_mech,16,3.906380392232252
2003,2004,Zymoseptoria_tritici_Disease_Severity,blend_mech_roll8,16,3.707318503058334
2003,2004,Zymoseptoria_tritici_Disease_Severity,blend_all_roll8,16,3.9387647635768332
2003,2004,Yellow_rust_Disease_Severity,persistence,16,0.0
2003,2004,Yellow_rust_Disease_Severity,roll_k5,16,0.010416242557396921
2003,2004,Yellow_rust_Disease_Severity,roll_k8,16,0.023389642131088805
2003,2004,Yellow_rust_Disease_Severity,ewma_a30,16,0.01317763704183679
2003,2004,Yellow_rust_Disease_Severity,ewma_a50,16,0.005573120936576214
2003,2004,Yellow_rust_Disease_Severity,model_all,16,0.06839164756123219
2003,2004,Yellow_rust_Disease_Severity,model_mech,16,0.022108090703277617
2003,2004,Yellow_rust_Disease_Severity,blend_mech_roll8,16,0.0212871459566198
2003,2004,Yellow_rust_Disease_Severity,blend_all_roll8,16,0.04258126300996746
2003,2004,Zymoseptoria_tritici_Crop_Incidence,persistence,16,16.4915831259464
2003,2004,Zymoseptoria_tritici_Crop_Incidence,roll_k5,16,13.56675822147649
2003,2004,Zymoseptoria_tritici_Crop_Incidence,roll_k8,16,15.058898866753227
2003,2004,Zymoseptoria_tritici_Crop_Incidence,ewma_a30,16,14.657631773573016
2003,2004,Zymoseptoria_tritici_Crop_Incidence,ewma_a50,16,14.28473911574579
2003,2004,Zymoseptoria_tritici_Crop_Incidence,model_all,16,20.49156110286634
2003,2004,Zymoseptoria_tritici_Crop_Incidence,model_mech,16,16.4943727253654
2003,2004,Zymoseptoria_tritici_Crop_Incidence,blend_mech_roll8,16,15.298884046666096
2003,2004,Zymoseptoria_tritici_Crop_Incidence,blend_all_roll8,16,17.454502306455993
2003,2004,Yellow_rust_Crop_Incidence,persistence,16,0.30125
2003,2004,Yellow_rust_Crop_Incidence,roll_k5,16,1.6714530983548417
2003,2004,Yellow_rust_Crop_Incidence,roll_k8,16,2.3467528446904034
2003,2004,Yellow_rust_Crop_Incidence,ewma_a30,16,1.5137132013552055
2003,2004,Yellow_rust_Crop_Incidence,ewma_a50,16,0.8822676995484651
2003,2004,Yellow_rust_Crop_Incidence,model_all,16,4.1547019227217765
2003,2004,Yellow_rust_Crop_Incidence,model_mech,16,1.888540341921065
2003,2004,Yellow_rust_Crop_Incidence,blend_mech_roll8,16,2.075698748545341
2003,2004,Yellow_rust_Crop_Incidence,blend_all_roll8,16,3.2075878098698145
2004,2005,Zymoseptoria_tritici_Disease_Severity,persistence,16,5.200439795103872
2004,2005,Zymoseptoria_tritici_Disease_Severity,roll_k5,16,2.120409980992659
2004,2005,Zymoseptoria_tritici_Disease_Severity,roll_k8,16,2.56618414797027
2004,2005,Zymoseptoria_tritici_Disease_Severity,ewma_a30,16,2.6530050139238472
2004,2005,Zymoseptoria_tritici_Disease_Severity,ewma_a50,16,3.4160633222710617
2004,2005,Zymoseptoria_tritici_Disease_Severity,model_all,16,2.119530294543566
2004,2005,Zymoseptoria_tritici_Disease_Severity,model_mech,16,2.9696349459923055
2004,2005,Zymoseptoria_tritici_Disease_Severity,blend_mech_roll8,16,2.472239343255395
2004,2005,Zymoseptoria_tritici_Disease_Severity,blend_all_roll8,16,2.2777662510765495
2004,2005,Yellow_rust_Disease_Severity,persistence,16,0.005
2004,2005,Yellow_rust_Disease_Severity,roll_k5,16,0.007851599343632231
2004,2005,Yellow_rust_Disease_Severity,roll_k8,16,0.022722898173072822
2004,2005,Yellow_rust_Disease_Severity,ewma_a30,16,0.009619490941665476
2004,2005,Yellow_rust_Disease_Severity,ewma_a50,16,0.005473819197223189
2004,2005,Yellow_rust_Disease_Severity,model_all,16,0.031699685405015464
2004,2005,Yellow_rust_Disease_Severity,model_mech,16,0.04415763146394719
2004,2005,Yellow_rust_Disease_Severity,blend_mech_roll8,16,0.032009555642550584
2004,2005,Yellow_rust_Disease_Severity,blend_all_roll8,16,0.02509601955762442
2004,2005,Zymoseptoria_tritici_Crop_Incidence,persistence,16,19.435535161142333
2004,2005,Zymoseptoria_tritici_Crop_Incidence,roll_k5,16,15.333807623516085
2004,2005,Zymoseptoria_tritici_Crop_Incidence,roll_k8,16,15.068765916882924
2004,2005,Zymoseptoria_tritici_Crop_Incidence,ewma_a30,16,15.31721734155109
2004,2005,Zymoseptoria_tritici_Crop_Incidence,ewma_a50,16,15.476937925270379
2004,2005,Zymoseptoria_tritici_Crop_Incidence,model_all,16,17.25590340039446
2004,2005,Zymoseptoria_tritici_Crop_Incidence,model_mech,16,16.998560232800806
2004,2005,Zymoseptoria_tritici_Crop_Incidence,blend_mech_roll8,16,15.440029425360771
2004,2005,Zymoseptoria_tritici_Crop_Incidence,blend_all_roll8,16,15.618153433437673
2004,2005,Yellow_rust_Crop_Incidence,persistence,16,1.2561575587879092
2004,2005,Yellow_rust_Crop_Incidence,roll_k5,16,1.4467486124064541
2004,2005,Yellow_rust_Crop_Incidence,roll_k8,16,2.498441309995531
2004,2005,Yellow_rust_Crop_Incidence,ewma_a30,16,1.528603860975138
2004,2005,Yellow_rust_Crop_Incidence,ewma_a50,16,1.2799313636951362
2004,2005,Yellow_rust_Crop_Incidence,model_all,16,2.708628485579832
2004,2005,Yellow_rust_Crop_Incidence,model_mech,16,1.621573789061695
2004,2005,Yellow_rust_Crop_Incidence,blend_mech_roll8,16,2.0222111005823553
2004,2005,Yellow_rust_Crop_Incidence,blend_all_roll8,16,2.534253114711912
2005,2006,Zymoseptoria_tritici_Disease_Severity,persistence,16,1.66837553851044
2005,2006,Zymoseptoria_tritici_Disease_Severity,roll_k5,16,1.619225072125107
2005,2006,Zymoseptoria_tritici_Disease_Severity,roll_k8,16,1.6006848386385544
2005,2006,Zymoseptoria_tritici_Disease_Severity,ewma_a30,16,1.4438046084016167
2005,2006,Zymoseptoria_tritici_Disease_Severity,ewma_a50,16,1.494208138633096
2005,2006,Zymoseptoria_tritici_Disease_Severity,model_all,16,1.8851438602818402
2005,2006,Zymoseptoria_tritici_Disease_Severity,model_mech,16,1.7761519387161604
2005,2006,Zymoseptoria_tritici_Disease_Severity,blend_mech_roll8,16,1.3803689447308083
2005,2006,Zymoseptoria_tritici_Disease_Severity,blend_all_roll8,16,1.4652008243499524
2005,2006,Yellow_rust_Disease_Severity,persistence,16,0.08064699312435647
2005,2006,Yellow_rust_Disease_Severity,roll_k5,16,0.08018577803087028
2005,2006,Yellow_rust_Disease_Severity,roll_k8,16,0.07815065409449912
2005,2006,Yellow_rust_Disease_Severity,ewma_a30,16,0.07907461358873433
2005,2006,Yellow_rust_Disease_Severity,ewma_a50,16,0.08019053601701144
2005,2006,Yellow_rust_Disease_Severity,model_all,16,0.08294422091387944
2005,2006,Yellow_rust_Disease_Severity,model_mech,16,0.0832108490205335
2005,2006,Yellow_rust_Disease_Severity,blend_mech_roll8,16,0.0799086500856404
2005,2006,Yellow_rust_Disease_Severity,blend_all_roll8,16,0.07869250297474321
2005,2006,Zymoseptoria_tritici_Crop_Incidence,persistence,16,14.912860921868749
2005,2006,Zymoseptoria_tritici_Crop_Incidence,roll_k5,16,18.979015201730043
2005,2006,Zymoseptoria_tritici_Crop_Incidence,roll_k8,16,16.540536140979672
2005,2006,Zymoseptoria_tritici_Crop_Incidence,ewma_a30,16,15.220357209326671
2005,2006,Zymoseptoria_tritici_Crop_Incidence,ewma_a50,16,14.05290721421984
2005,2006,Zymoseptoria_tritici_Crop_Incidence,model_all,16,16.992195976673155
2005,2006,Zymoseptoria_tritici_Crop_Incidence,model_mech,16,22.973046547428833
2005,2006,Zymoseptoria_tritici_Crop_Incidence,blend_mech_roll8,16,18.99340146748937
2005,2006,Zymoseptoria_tritici_Crop_Incidence,blend_all_roll8,16,16.486585591615256
2005,2006,Yellow_rust_Crop_Incidence,persistence,16,3.735045038215737
2005,2006,Yellow_rust_Crop_Incidence,roll_k5,16,3.459973325041683
2005,2006,Yellow_rust_Crop_Incidence,roll_k8,16,2.823617364394087
2005,2006,Yellow_rust_Crop_Incidence,ewma_a30,16,3.243048657490274
2005,2006,Yellow_rust_Crop_Incidence,ewma_a50,16,3.592916771221557
2005,2006,Yellow_rust_Crop_Incidence,model_all,16,3.5575935319883736
2005,2006,Yellow_rust_Crop_Incidence,model_mech,16,3.5894497184385483
2005,2006,Yellow_rust_Crop_Incidence,blend_mech_roll8,16,3.133405517004218
2005,2006,Yellow_rust_Crop_Incidence,blend_all_roll8,16,3.002586025623829
2006,2007,Zymoseptoria_tritici_Disease_Severity,persistence,18,4.4706114297213935
2006,2007,Zymoseptoria_tritici_Disease_Severity,roll_k5,18,2.8853991979586016
2006,2007,Zymoseptoria_tritici_Disease_Severity,roll_k8,18,2.5457673589721046
2006,2007,Zymoseptoria_tritici_Disease_Severity,ewma_a30,18,2.2961716178495077
2006,2007,Zymoseptoria_tritici_Disease_Severity,ewma_a50,18,2.3972032677780586
2006,2007,Zymoseptoria_tritici_Disease_Severity,model_all,18,2.629041226147958
2006,2007,Zymoseptoria_tritici_Disease_Severity,model_mech,18,1.4843359576504114
2006,2007,Zymoseptoria_tritici_Disease_Severity,blend_mech_roll8,18,1.9753878748221985
2006,2007,Zymoseptoria_tritici_Disease_Severity,blend_all_roll8,18,2.3958865376909317
2006,2007,Yellow_rust_Disease_Severity,persistence,18,0.07516278630043223
2006,2007,Yellow_rust_Disease_Severity,roll_k5,18,0.03534644623162976
2006,2007,Yellow_rust_Disease_Severity,roll_k8,18,0.03123389305669392
2006,2007,Yellow_rust_Disease_Severity,ewma_a30,18,0.028070943242580096
2006,2007,Yellow_rust_Disease_Severity,ewma_a50,18,0.03680046922607215
2006,2007,Yellow_rust_Disease_Severity,model_all,18,0.20740603211813582
2006,2007,Yellow_rust_Disease_Severity,model_mech,18,0.131076210481064
2006,2007,Yellow_rust_Disease_Severity,blend_mech_roll8,18,0.07647356601967273
2006,2007,Yellow_rust_Disease_Severity,blend_all_roll8,18,0.11125897778653418
2006,2007,Zymoseptoria_tritici_Crop_Incidence,persistence,18,21.17587975609147
2006,2007,Zymoseptoria_tritici_Crop_Incidence,roll_k5,18,13.783687088406754
2006,2007,Zymoseptoria_tritici_Crop_Incidence,roll_k8,18,14.167103444522894
2006,2007,Zymoseptoria_tritici_Crop_Incidence,ewma_a30,18,15.923517700305506
2006,2007,Zymoseptoria_tritici_Crop_Incidence,ewma_a50,18,17.983962375338468
2006,2007,Zymoseptoria_tritici_Crop_Incidence,model_all,18,10.66867162936324
2006,2007,Zymoseptoria_tritici_Crop_Incidence,model_mech,18,13.81975419894485
2006,2007,Zymoseptoria_tritici_Crop_Incidence,blend_mech_roll8,18,13.805955457664005
2006,2007,Zymoseptoria_tritici_Crop_Incidence,blend_all_roll8,18,11.738987601367718
2006,2007,Yellow_rust_Crop_Incidence,persistence,18,3.3997269579907274
2006,2007,Yellow_rust_Crop_Incidence,roll_k5,18,2.395247058934283
2006,2007,Yellow_rust_Crop_Incidence,roll_k8,18,2.161226872546715
2006,2007,Yellow_rust_Crop_Incidence,ewma_a30,18,2.0250340428402067
2006,2007,Yellow_rust_Crop_Incidence,ewma_a50,18,2.1277781503697213
2006,2007,Yellow_rust_Crop_Incidence,model_all,18,6.9815340722062675
2006,2007,Yellow_rust_Crop_Incidence,model_mech,18,5.842056370546756
2006,2007,Yellow_rust_Crop_Incidence,blend_mech_roll8,18,3.748371082522969
2006,2007,Yellow_rust_Crop_Incidence,blend_all_roll8,18,4.166487920497801
2007,2008,Zymoseptoria_tritici_Disease_Severity,persistence,16,0.9907776617384952
2007,2008,Zymoseptoria_tritici_Disease_Severity,roll_k5,16,1.507026286465236
2007,2008,Zymoseptoria_tritici_Disease_Severity,roll_k8,16,1.4544718528879914
2007,2008,Zymoseptoria_tritici_Disease_Severity,ewma_a30,16,1.2252186022405727
2007,2008,Zymoseptoria_tritici_Disease_Severity,ewma_a50,16,1.0691636772195412
2007,2008,Zymoseptoria_tritici_Disease_Severity,model_all,16,1.2180465659617328
2007,2008,Zymoseptoria_tritici_Disease_Severity,model_mech,16,1.1268969978939654
2007,2008,Zymoseptoria_tritici_Disease_Severity,blend_mech_roll8,16,1.1221345478140368
2007,2008,Zymoseptoria_tritici_Disease_Severity,blend_all_roll8,16,1.1717657043292744
2007,2008,Yellow_rust_Disease_Severity,persistence,16,0.01443736471798091
2007,2008,Yellow_rust_Disease_Severity,roll_k5,16,0.015534598559717687
2007,2008,Yellow_rust_Disease_Severity,roll_k8,16,0.012022166312520885
2007,2008,Yellow_rust_Disease_Severity,ewma_a30,16,0.018068188535778292
2007,2008,Yellow_rust_Disease_Severity,ewma_a50,16,0.021067792984633005
2007,2008,Yellow_rust_Disease_Severity,model_all,16,0.0518925014489503
2007,2008,Yellow_rust_Disease_Severity,model_mech,16,0.02757522287473743
2007,2008,Yellow_rust_Disease_Severity,blend_mech_roll8,16,0.016719128293384265
2007,2008,Yellow_rust_Disease_Severity,blend_all_roll8,16,0.029038310791106806
2007,2008,Zymoseptoria_tritici_Crop_Incidence,persistence,16,15.314783572581101
2007,2008,Zymoseptoria_tritici_Crop_Incidence,roll_k5,16,15.053622608362412
2007,2008,Zymoseptoria_tritici_Crop_Incidence,roll_k8,16,12.735450283589554
2007,2008,Zymoseptoria_tritici_Crop_Incidence,ewma_a30,16,12.958924943316108
2007,2008,Zymoseptoria_tritici_Crop_Incidence,ewma_a50,16,13.267436088390424
2007,2008,Zymoseptoria_tritici_Crop_Incidence,model_all,16,12.56778858159325
2007,2008,Zymoseptoria_tritici_Crop_Incidence,model_mech,16,13.658386165085624
2007,2008,Zymoseptoria_tritici_Crop_Incidence,blend_mech_roll8,16,12.654293546511752
2007,2008,Zymoseptoria_tritici_Crop_Incidence,blend_all_roll8,16,12.051296707180704
2007,2008,Yellow_rust_Crop_Incidence,persistence,16,2.0200671709128883
2007,2008,Yellow_rust_Crop_Incidence,roll_k5,16,1.1782705822518018
2007,2008,Yellow_rust_Crop_Incidence,roll_k8,16,1.1263884704346563
2007,2008,Yellow_rust_Crop_Incidence,ewma_a30,16,1.586079911154895
2007,2008,Yellow_rust_Crop_Incidence,ewma_a50,16,1.7961002400486872
2007,2008,Yellow_rust_Crop_Incidence,model_all,16,2.8400110718722553
2007,2008,Yellow_rust_Crop_Incidence,model_mech,16,1.8555918012774717
2007,2008,Yellow_rust_Crop_Incidence,blend_mech_roll8,16,1.3961612238755512
2007,2008,Yellow_rust_Crop_Incidence,blend_all_roll8,16,1.8217471721670422
2008,2009,Zymoseptoria_tritici_Disease_Severity,persistence,16,1.6254671251674087
2008,2009,Zymoseptoria_tritici_Disease_Severity,roll_k5,16,1.6809179734411024
2008,2009,Zymoseptoria_tritici_Disease_Severity,roll_k8,16,1.7003232457322581
2008,2009,Zymoseptoria_tritici_Disease_Severity,ewma_a30,16,1.6362268414317687
2008,2009,Zymoseptoria_tritici_Disease_Severity,ewma_a50,16,1.5555012883112347
2008,2009,Zymoseptoria_tritici_Disease_Severity,model_all,16,1.0700766418629262
2008,2009,Zymoseptoria_tritici_Disease_Severity,model_mech,16,1.0059407128594426
2008,2009,Zymoseptoria_tritici_Disease_Severity,blend_mech_roll8,16,1.241083735626456
2008,2009,Zymoseptoria_tritici_Disease_Severity,blend_all_roll8,16,1.1263549820824275
2008,2009,Yellow_rust_Disease_Severity,persistence,16,0.0041907636535600526
2008,2009,Yellow_rust_Disease_Severity,roll_k5,16,0.015994532115664716
2008,2009,Yellow_rust_Disease_Severity,roll_k8,16,0.011095846734938299
2008,2009,Yellow_rust_Disease_Severity,ewma_a30,16,0.01307730837080656
2008,2009,Yellow_rust_Disease_Severity,ewma_a50,16,0.011089951614134268
2008,2009,Yellow_rust_Disease_Severity,model_all,16,0.03506040826940003
2008,2009,Yellow_rust_Disease_Severity,model_mech,16,0.022911625695348502
2008,2009,Yellow_rust_Disease_Severity,blend_mech_roll8,16,0.014593551373663183
2008,2009,Yellow_rust_Disease_Severity,blend_all_roll8,16,0.020560314316385896
2008,2009,Zymoseptoria_tritici_Crop_Incidence,persistence,16,28.943735461019884
2008,2009,Zymoseptoria_tritici_Crop_Incidence,roll_k5,16,26.336308373659737
2008,2009,Zymoseptoria_tritici_Crop_Incidence,roll_k8,16,22.80033517188279
2008,2009,Zymoseptoria_tritici_Crop_Incidence,ewma_a30,16,25.91238362256405
2008,2009,Zymoseptoria_tritici_Crop_Incidence,ewma_a50,16,27.39224629569054
2008,2009,Zymoseptoria_tritici_Crop_Incidence,model_all,16,21.28321761652369
2008,2009,Zymoseptoria_tritici_Crop_Incidence,model_mech,16,19.423465967918204
2008,2009,Zymoseptoria_tritici_Crop_Incidence,blend_mech_roll8,16,20.771539812291326
2008,2009,Zymoseptoria_tritici_Crop_Incidence,blend_all_roll8,16,21.902256643111006
2008,2009,Yellow_rust_Crop_Incidence,persistence,16,2.315939590641345
2008,2009,Yellow_rust_Crop_Incidence,roll_k5,16,2.3711931442841174
2008,2009,Yellow_rust_Crop_Incidence,roll_k8,16,2.353403068314717
2008,2009,Yellow_rust_Crop_Incidence,ewma_a30,16,2.3217155852469067
2008,2009,Yellow_rust_Crop_Incidence,ewma_a50,16,2.304798880623898
2008,2009,Yellow_rust_Crop_Incidence,model_all,16,2.599392928825017
2008,2009,Yellow_rust_Crop_Incidence,model_mech,16,2.0017240184884875
2008,2009,Yellow_rust_Crop_Incidence,blend_mech_roll8,16,2.163581764384472
2008,2009,Yellow_rust_Crop_Incidence,blend_all_roll8,16,2.314008149221981
2009,2010,Zymoseptoria_tritici_Disease_Severity,persistence,18,1.160060031971526
2009,2010,Zymoseptoria_tritici_Disease_Severity,roll_k5,18,2.4616264549816913
2009,2010,Zymoseptoria_tritici_Disease_Severity,roll_k8,18,2.998010817792402
2009,2010,Zymoseptoria_tritici_Disease_Severity,ewma_a30,18,2.1106151070488814
2009,2010,Zymoseptoria_tritici_Disease_Severity,ewma_a50,18,1.6670507786409297
2009,2010,Zymoseptoria_tritici_Disease_Severity,model_all,18,0.7546321884723324
2009,2010,Zymoseptoria_tritici_Disease_Severity,model_mech,18,1.023649443918022
2009,2010,Zymoseptoria_tritici_Disease_Severity,blend_mech_roll8,18,1.995281156987671
2009,2010,Zymoseptoria_tritici_Disease_Severity,blend_all_roll8,18,1.83684582880227
2009,2010,Yellow_rust_Disease_Severity,persistence,18,0.005537749241945384
2009,2010,Yellow_rust_Disease_Severity,roll_k5,18,0.013845298347662769
2009,2010,Yellow_rust_Disease_Severity,roll_k8,18,0.02727352135165005
2009,2010,Yellow_rust_Disease_Severity,ewma_a30,18,0.012792796987284437
2009,2010,Yellow_rust_Disease_Severity,ewma_a50,18,0.006026901902025207
2009,2010,Yellow_rust_Disease_Severity,model_all,18,0.05342756392361753
2009,2010,Yellow_rust_Disease_Severity,model_mech,18,0.019346825651776867
2009,2010,Yellow_rust_Disease_Severity,blend_mech_roll8,18,0.020346799247507548
2009,2010,Yellow_rust_Disease_Severity,blend_all_roll8,18,0.034817770976830476
2009,2010,Zymoseptoria_tritici_Crop_Incidence,persistence,18,29.58917247444109
2009,2010,Zymoseptoria_tritici_Crop_Incidence,roll_k5,18,37.7379132387812
2009,2010,Zymoseptoria_tritici_Crop_Incidence,roll_k8,18,38.5013652996891
2009,2010,Zymoseptoria_tritici_Crop_Incidence,ewma_a30,18,34.70419645922487
2009,2010,Zymoseptoria_tritici_Crop_Incidence,ewma_a50,18,32.466889085643686
2009,2010,Zymoseptoria_tritici_Crop_Incidence,model_all,18,18.652481695858278
2009,2010,Zymoseptoria_tritici_Crop_Incidence,model_mech,18,22.394621806734573
2009,2010,Zymoseptoria_tritici_Crop_Incidence,blend_mech_roll8,18,29.752713359392995
2009,2010,Zymoseptoria_tritici_Crop_Incidence,blend_all_roll8,18,26.00485553105424
2009,2010,Yellow_rust_Crop_Incidence,persistence,18,3.344155407406912
2009,2010,Yellow_rust_Crop_Incidence,roll_k5,18,2.4095916993917825
2009,2010,Yellow_rust_Crop_Incidence,roll_k8,18,2.6760089856250175
2009,2010,Yellow_rust_Crop_Incidence,ewma_a30,18,2.4562360557915617
2009,2010,Yellow_rust_Crop_Incidence,ewma_a50,18,2.6164318220270815
2009,2010,Yellow_rust_Crop_Incidence,model_all,18,2.352178496172689
2009,2010,Yellow_rust_Crop_Incidence,model_mech,18,2.399260407499992
2009,2010,Yellow_rust_Crop_Incidence,blend_mech_roll8,18,2.4815629135066644
2009,2010,Yellow_rust_Crop_Incidence,blend_all_roll8,18,2.4727306554941966
2010,2011,Zymoseptoria_tritici_Disease_Severity,persistence,16,1.0190995412617945
2010,2011,Zymoseptoria_tritici_Disease_Severity,roll_k5,16,1.237633219354153
2010,2011,Zymoseptoria_tritici_Disease_Severity,roll_k8,16,1.3785541147273248
2010,2011,Zymoseptoria_tritici_Disease_Severity,ewma_a30,16,0.9863770632407978
2010,2011,Zymoseptoria_tritici_Disease_Severity,ewma_a50,16,0.8615599547420131
2010,2011,Zymoseptoria_tritici_Disease_Severity,model_all,16,0.7401168563072752
2010,2011,Zymoseptoria_tritici_Disease_Severity,model_mech,16,0.7860368989416809
2010,2011,Zymoseptoria_tritici_Disease_Severity,blend_mech_roll8,16,0.9105588348973158
2010,2011,Zymoseptoria_tritici_Disease_Severity,blend_all_roll8,16,0.9053321465345846
2010,2011,Yellow_rust_Disease_Severity,persistence,16,0.008806957476904268
2010,2011,Yellow_rust_Disease_Severity,roll_k5,16,0.015606293731679793
2010,2011,Yellow_rust_Disease_Severity,roll_k8,16,0.01111338693953646
2010,2011,Yellow_rust_Disease_Severity,ewma_a30,16,0.008711314936131248
2010,2011,Yellow_rust_Disease_Severity,ewma_a50,16,0.007963469755339393
2010,2011,Yellow_rust_Disease_Severity,model_all,16,0.031308965829917525
2010,2011,Yellow_rust_Disease_Severity,model_mech,16,0.02865244491718216
2010,2011,Yellow_rust_Disease_Severity,blend_mech_roll8,16,0.01633996818125615
2010,2011,Yellow_rust_Disease_Severity,blend_all_roll8,16,0.01722687614502762
2010,2011,Zymoseptoria_tritici_Crop_Incidence,persistence,16,18.78278120546848
2010,2011,Zymoseptoria_tritici_Crop_Incidence,roll_k5,16,20.911933788270275
2010,2011,Zymoseptoria_tritici_Crop_Incidence,roll_k8,16,24.040894209362143
2010,2011,Zymoseptoria_tritici_Crop_Incidence,ewma_a30,16,17.679892709819814
2010,2011,Zymoseptoria_tritici_Crop_Incidence,ewma_a50,16,14.617228969685645
2010,2011,Zymoseptoria_tritici_Crop_Incidence,model_all,16,13.799209372494103
2010,2011,Zymoseptoria_tritici_Crop_Incidence,model_mech,16,17.666583784044576
2010,2011,Zymoseptoria_tritici_Crop_Incidence,blend_mech_roll8,16,18.773774398431453
2010,2011,Zymoseptoria_tritici_Crop_Incidence,blend_all_roll8,16,17.686345054726093
2010,2011,Yellow_rust_Crop_Incidence,persistence,16,6.340450171320645
2010,2011,Yellow_rust_Crop_Incidence,roll_k5,16,6.395440249114991
2010,2011,Yellow_rust_Crop_Incidence,roll_k8,16,6.5128292371941985
2010,2011,Yellow_rust_Crop_Incidence,ewma_a30,16,6.344882268216893
2010,2011,Yellow_rust_Crop_Incidence,ewma_a50,16,6.277041904789914
2010,2011,Yellow_rust_Crop_Incidence,model_all,16,6.0935674058009015
2010,2011,Yellow_rust_Crop_Incidence,model_mech,16,5.719208812302279
2010,2011,Yellow_rust_Crop_Incidence,blend_mech_roll8,16,6.083714600032004
2010,2011,Yellow_rust_Crop_Incidence,blend_all_roll8,16,6.2701943870449695
2011,2012,Zymoseptoria_tritici_Disease_Severity,persistence,18,8.145733917551908
2011,2012,Zymoseptoria_tritici_Disease_Severity,roll_k5,18,7.755406889178544
2011,2012,Zymoseptoria_tritici_Disease_Severity,roll_k8,18,7.094893716508973
2011,2012,Zymoseptoria_tritici_Disease_Severity,ewma_a30,18,7.724564144641214
2011,2012,Zymoseptoria_tritici_Disease_Severity,ewma_a50,18,8.074532577073995
2011,2012,Zymoseptoria_tritici_Disease_Severity,model_all,18,6.170585017068741
2011,2012,Zymoseptoria_tritici_Disease_Severity,model_mech,18,6.3620876689450405
2011,2012,Zymoseptoria_tritici_Disease_Severity,blend_mech_roll8,18,6.712767667655347
2011,2012,Zymoseptoria_tritici_Disease_Severity,blend_all_roll8,18,6.579935906238668
2011,2012,Yellow_rust_Disease_Severity,persistence,18,0.021699974398346394
2011,2012,Yellow_rust_Disease_Severity,roll_k5,18,0.021356390175793494
2011,2012,Yellow_rust_Disease_Severity,roll_k8,18,0.034986112077427765
2011,2012,Yellow_rust_Disease_Severity,ewma_a30,18,0.02267933828086363
2011,2012,Yellow_rust_Disease_Severity,ewma_a50,18,0.021214838427668265
2011,2012,Yellow_rust_Disease_Severity,model_all,18,0.04771508476573378
2011,2012,Yellow_rust_Disease_Severity,model_mech,18,0.03296391924852641
2011,2012,Yellow_rust_Disease_Severity,blend_mech_roll8,18,0.029289782535754833
2011,2012,Yellow_rust_Disease_Severity,blend_all_roll8,18,0.03454465250354382
2011,2012,Zymoseptoria_tritici_Crop_Incidence,persistence,18,48.81220646632471
2011,2012,Zymoseptoria_tritici_Crop_Incidence,roll_k5,18,34.00467348341009
2011,2012,Zymoseptoria_tritici_Crop_Incidence,roll_k8,18,28.260525919312098
2011,2012,Zymoseptoria_tritici_Crop_Incidence,ewma_a30,18,36.147406105160265
2011,2012,Zymoseptoria_tritici_Crop_Incidence,ewma_a50,18,42.32935560936607
2011,2012,Zymoseptoria_tritici_Crop_Incidence,model_all,18,20.561609017428363
2011,2012,Zymoseptoria_tritici_Crop_Incidence,model_mech,18,24.781888566805353
2011,2012,Zymoseptoria_tritici_Crop_Incidence,blend_mech_roll8,18,26.282443243257514
2011,2012,Zymoseptoria_tritici_Crop_Incidence,blend_all_roll8,18,24.162864663021423
2011,2012,Yellow_rust_Crop_Incidence,persistence,18,6.397525233331332
2011,2012,Yellow_rust_Crop_Incidence,roll_k5,18,2.620163846445909
2011,2012,Yellow_rust_Crop_Incidence,roll_k8,18,2.698250429644437
2011,2012,Yellow_rust_Crop_Incidence,ewma_a30,18,2.944518657532869
2011,2012,Yellow_rust_Crop_Incidence,ewma_a50,18,3.8191431647233958
2011,2012,Yellow_rust_Crop_Incidence,model_all,18,2.8264928370577285
2011,2012,Yellow_rust_Crop_Incidence,model_mech,18,2.1908627563403553
2011,2012,Yellow_rust_Crop_Incidence,blend_mech_roll8,18,2.334243063992906
2011,2012,Yellow_rust_Crop_Incidence,blend_all_roll8,18,2.5280566820363792
2012,2013,Zymoseptoria_tritici_Disease_Severity,persistence,16,7.4805019843256515
2012,2013,Zymoseptoria_tritici_Disease_Severity,roll_k5,16,1.1977331325203717
2012,2013,Zymoseptoria_tritici_Disease_Severity,roll_k8,16,1.6030085489536439
2012,2013,Zymoseptoria_tritici_Disease_Severity,ewma_a30,16,1.7733932667524186
2012,2013,Zymoseptoria_tritici_Disease_Severity,ewma_a50,16,2.4830214704647275
2012,2013,Zymoseptoria_tritici_Disease_Severity,model_all,16,0.612695323540372
2012,2013,Zymoseptoria_tritici_Disease_Severity,model_mech,16,0.6706406486739049
2012,2013,Zymoseptoria_tritici_Disease_Severity,blend_mech_roll8,16,1.0782896365237487
2012,2013,Zymoseptoria_tritici_Disease_Severity,blend_all_roll8,16,1.0447911109453973
2012,2013,Yellow_rust_Disease_Severity,persistence,16,0.023622023622035436
2012,2013,Yellow_rust_Disease_Severity,roll_k5,16,0.006500864929778627
2012,2013,Yellow_rust_Disease_Severity,roll_k8,16,0.008099308746824992
2012,2013,Yellow_rust_Disease_Severity,ewma_a30,16,0.008355171064627577
2012,2013,Yellow_rust_Disease_Severity,ewma_a50,16,0.012726053221045815
2012,2013,Yellow_rust_Disease_Severity,model_all,16,0.005193850091972448
2012,2013,Yellow_rust_Disease_Severity,model_mech,16,0.011357482807396957
2012,2013,Yellow_rust_Disease_Severity,blend_mech_roll8,16,0.007363935510117384
2012,2013,Yellow_rust_Disease_Severity,blend_all_roll8,16,0.003907461495708545
2012,2013,Zymoseptoria_tritici_Crop_Incidence,persistence,16,44.38708847457783
2012,2013,Zymoseptoria_tritici_Crop_Incidence,roll_k5,16,19.542286897520466
2012,2013,Zymoseptoria_tritici_Crop_Incidence,roll_k8,16,24.780412336193233
2012,2013,Zymoseptoria_tritici_Crop_Incidence,ewma_a30,16,23.70158617506627
2012,2013,Zymoseptoria_tritici_Crop_Incidence,ewma_a50,16,26.638238084026348
2012,2013,Zymoseptoria_tritici_Crop_Incidence,model_all,16,15.268108891330371
2012,2013,Zymoseptoria_tritici_Crop_Incidence,model_mech,16,15.25315551056357
2012,2013,Zymoseptoria_tritici_Crop_Incidence,blend_mech_roll8,16,16.009632201781873
2012,2013,Zymoseptoria_tritici_Crop_Incidence,blend_all_roll8,16,16.622337004802247
2012,2013,Yellow_rust_Crop_Incidence,persistence,16,3.225746764316753
2012,2013,Yellow_rust_Crop_Incidence,roll_k5,16,2.1223780966170946
2012,2013,Yellow_rust_Crop_Incidence,roll_k8,16,1.7178376953764434
2012,2013,Yellow_rust_Crop_Incidence,ewma_a30,16,2.261846479720064
2012,2013,Yellow_rust_Crop_Incidence,ewma_a50,16,2.737317321933763
2012,2013,Yellow_rust_Crop_Incidence,model_all,16,1.7816611719031807
2012,2013,Yellow_rust_Crop_Incidence,model_mech,16,2.0644522747685095
2012,2013,Yellow_rust_Crop_Incidence,blend_mech_roll8,16,1.8395770865119374
2012,2013,Yellow_rust_Crop_Incidence,blend_all_roll8,16,1.6978252484634193
2013,2014,Zymoseptoria_tritici_Disease_Severity,persistence,16,12.1091298717125
2013,2014,Zymoseptoria_tritici_Disease_Severity,roll_k5,16,11.427384295222742
2013,2014,Zymoseptoria_tritici_Disease_Severity,roll_k8,16,11.285480652180912
2013,2014,Zymoseptoria_tritici_Disease_Severity,ewma_a30,16,11.216847254306701
2013,2014,Zymoseptoria_tritici_Disease_Severity,ewma_a50,16,11.300740514679559
2013,2014,Zymoseptoria_tritici_Disease_Severity,model_all,16,8.25476808390363
2013,2014,Zymoseptoria_tritici_Disease_Severity,model_mech,16,6.941438320624855
2013,2014,Zymoseptoria_tritici_Disease_Severity,blend_mech_roll8,16,9.059204469655246
2013,2014,Zymoseptoria_tritici_Disease_Severity,blend_all_roll8,16,9.732993995839006
2013,2014,Yellow_rust_Disease_Severity,persistence,16,0.0033726843908080104
2013,2014,Yellow_rust_Disease_Severity,roll_k5,16,0.006182465273144344
2013,2014,Yellow_rust_Disease_Severity,roll_k8,16,0.011119936129739282
2013,2014,Yellow_rust_Disease_Severity,ewma_a30,16,0.006705621976450679
2013,2014,Yellow_rust_Disease_Severity,ewma_a50,16,0.006692391382493165
2013,2014,Yellow_rust_Disease_Severity,model_all,16,0.08693746039239296
2013,2014,Yellow_rust_Disease_Severity,model_mech,16,0.03993522851190842
2013,2014,Yellow_rust_Disease_Severity,blend_mech_roll8,16,0.022202954937554222
2013,2014,Yellow_rust_Disease_Severity,blend_all_roll8,16,0.04521517807984867
2013,2014,Zymoseptoria_tritici_Crop_Incidence,persistence,16,49.19351933626522
2013,2014,Zymoseptoria_tritici_Crop_Incidence,roll_k5,16,40.87588973111166
2013,2014,Zymoseptoria_tritici_Crop_Incidence,roll_k8,16,33.83759834624492
2013,2014,Zymoseptoria_tritici_Crop_Incidence,ewma_a30,16,35.57530589165273
2013,2014,Zymoseptoria_tritici_Crop_Incidence,ewma_a50,16,37.243563869559175
2013,2014,Zymoseptoria_tritici_Crop_Incidence,model_all,16,18.728600383393694
2013,2014,Zymoseptoria_tritici_Crop_Incidence,model_mech,16,19.03937226330863
2013,2014,Zymoseptoria_tritici_Crop_Incidence,blend_mech_roll8,16,26.171586584359016
2013,2014,Zymoseptoria_tritici_Crop_Incidence,blend_all_roll8,16,26.053126733299223
2013,2014,Yellow_rust_Crop_Incidence,persistence,16,2.1242616952720303
2013,2014,Yellow_rust_Crop_Incidence,roll_k5,16,2.51333994765929
2013,2014,Yellow_rust_Crop_Incidence,roll_k8,16,2.149373442270081
2013,2014,Yellow_rust_Crop_Incidence,ewma_a30,16,2.1601867077393515
2013,2014,Yellow_rust_Crop_Incidence,ewma_a50,16,2.126838379419804
2013,2014,Yellow_rust_Crop_Incidence,model_all,16,7.495220925157618
2013,2014,Yellow_rust_Crop_Incidence,model_mech,16,5.328489843524042
2013,2014,Yellow_rust_Crop_Incidence,blend_mech_roll8,16,3.4674940514262005
2013,2014,Yellow_rust_Crop_Incidence,blend_all_roll8,16,4.454518176746677
2014,2015,Zymoseptoria_tritici_Disease_Severity,persistence,16,11.718720485296167
2014,2015,Zymoseptoria_tritici_Disease_Severity,roll_k5,16,1.6879626619314976
2014,2015,Zymoseptoria_tritici_Disease_Severity,roll_k8,16,1.1309922405843078
2014,2015,Zymoseptoria_tritici_Disease_Severity,ewma_a30,16,2.2728712764498327
2014,2015,Zymoseptoria_tritici_Disease_Severity,ewma_a50,16,3.7763026860705335
2014,2015,Zymoseptoria_tritici_Disease_Severity,model_all,16,1.0613890460484527
2014,2015,Zymoseptoria_tritici_Disease_Severity,model_mech,16,1.053244935293791
2014,2015,Zymoseptoria_tritici_Disease_Severity,blend_mech_roll8,16,0.9344935736368365
2014,2015,Zymoseptoria_tritici_Disease_Severity,blend_all_roll8,16,0.9888625693197273
2014,2015,Yellow_rust_Disease_Severity,persistence,16,0.0008660254037844387
2014,2015,Yellow_rust_Disease_Severity,roll_k5,16,0.005981255063899784
2014,2015,Yellow_rust_Disease_Severity,roll_k8,16,0.004533633645911163
2014,2015,Yellow_rust_Disease_Severity,ewma_a30,16,0.004868162333778275
2014,2015,Yellow_rust_Disease_Severity,ewma_a50,16,0.0035105883103664897
2014,2015,Yellow_rust_Disease_Severity,model_all,16,0.018472976239703145
2014,2015,Yellow_rust_Disease_Severity,model_mech,16,0.00818338504626324
2014,2015,Yellow_rust_Disease_Severity,blend_mech_roll8,16,0.005590474917701512
2014,2015,Yellow_rust_Disease_Severity,blend_all_roll8,16,0.01090484741040136
2014,2015,Zymoseptoria_tritici_Crop_Incidence,persistence,16,52.494597057101984
2014,2015,Zymoseptoria_tritici_Crop_Incidence,roll_k5,16,24.65626093936386
2014,2015,Zymoseptoria_tritici_Crop_Incidence,roll_k8,16,24.212535549107553
2014,2015,Zymoseptoria_tritici_Crop_Incidence,ewma_a30,16,29.680251188229505
2014,2015,Zymoseptoria_tritici_Crop_Incidence,ewma_a50,16,35.63616497959534
2014,2015,Zymoseptoria_tritici_Crop_Incidence,model_all,16,13.94874839227318
2014,2015,Zymoseptoria_tritici_Crop_Incidence,model_mech,16,13.932744888086342
2014,2015,Zymoseptoria_tritici_Crop_Incidence,blend_mech_roll8,16,18.504759645460066
2014,2015,Zymoseptoria_tritici_Crop_Incidence,blend_all_roll8,16,18.252718311229025
2014,2015,Yellow_rust_Crop_Incidence,persistence,16,1.5138454965748651
2014,2015,Yellow_rust_Crop_Incidence,roll_k5,16,2.1859805660160845
2014,2015,Yellow_rust_Crop_Incidence,roll_k8,16,1.685553987600868
2014,2015,Yellow_rust_Crop_Incidence,ewma_a30,16,1.501225129608799
2014,2015,Yellow_rust_Crop_Incidence,ewma_a50,16,1.2991751796929611
2014,2015,Yellow_rust_Crop_Incidence,model_all,16,3.1680460322132085
2014,2015,Yellow_rust_Crop_Incidence,model_mech,16,2.173989991730244
2014,2015,Yellow_rust_Crop_Incidence,blend_mech_roll8,16,1.8728442491031203
2014,2015,Yellow_rust_Crop_Incidence,blend_all_roll8,16,2.361454766211398
2015,2016,Zymoseptoria_tritici_Disease_Severity,persistence,16,1.0510982946423233
2015,2016,Zymoseptoria_tritici_Disease_Severity,roll_k5,16,2.0703155193375222
2015,2016,Zymoseptoria_tritici_Disease_Severity,roll_k8,16,1.3140002281938001
2015,2016,Zymoseptoria_tritici_Disease_Severity,ewma_a30,16,1.7753419323567992
2015,2016,Zymoseptoria_tritici_Disease_Severity,ewma_a50,16,1.8333220152932646
2015,2016,Zymoseptoria_tritici_Disease_Severity,model_all,16,4.473328879362062
2015,2016,Zymoseptoria_tritici_Disease_Severity,model_mech,16,5.495102627577869
2015,2016,Zymoseptoria_tritici_Disease_Severity,blend_mech_roll8,16,3.3823441948598427
2015,2016,Zymoseptoria_tritici_Disease_Severity,blend_all_roll8,16,2.872155298217494
2015,2016,Yellow_rust_Disease_Severity,persistence,16,0.031674121929423704
2015,2016,Yellow_rust_Disease_Severity,roll_k5,16,0.03031675841806621
2015,2016,Yellow_rust_Disease_Severity,roll_k8,16,0.03052466724370866
2015,2016,Yellow_rust_Disease_Severity,ewma_a30,16,0.030825107360798618
2015,2016,Yellow_rust_Disease_Severity,ewma_a50,16,0.031216396268074147
2015,2016,Yellow_rust_Disease_Severity,model_all,16,0.054322530166371764
2015,2016,Yellow_rust_Disease_Severity,model_mech,16,0.05078786081018857
2015,2016,Yellow_rust_Disease_Severity,blend_mech_roll8,16,0.03375777597900518
2015,2016,Yellow_rust_Disease_Severity,blend_all_roll8,16,0.03190508942843156
2015,2016,Zymoseptoria_tritici_Crop_Incidence,persistence,16,16.63663979744708
2015,2016,Zymoseptoria_tritici_Crop_Incidence,roll_k5,16,22.371098059047082
2015,2016,Zymoseptoria_tritici_Crop_Incidence,roll_k8,16,18.197029702432506
2015,2016,Zymoseptoria_tritici_Crop_Incidence,ewma_a30,16,20.01680881446784
2015,2016,Zymoseptoria_tritici_Crop_Incidence,ewma_a50,16,19.01684856326429
2015,2016,Zymoseptoria_tritici_Crop_Incidence,model_all,16,31.477259569877404
2015,2016,Zymoseptoria_tritici_Crop_Incidence,model_mech,16,31.793349692050175
2015,2016,Zymoseptoria_tritici_Crop_Incidence,blend_mech_roll8,16,24.401732076040602
2015,2016,Zymoseptoria_tritici_Crop_Incidence,blend_all_roll8,16,23.909451948461985
2015,2016,Yellow_rust_Crop_Incidence,persistence,16,7.789535917659023
2015,2016,Yellow_rust_Crop_Incidence,roll_k5,16,6.516145849158074
2015,2016,Yellow_rust_Crop_Incidence,roll_k8,16,6.860484170075139
2015,2016,Yellow_rust_Crop_Incidence,ewma_a30,16,7.13511187426226
2015,2016,Yellow_rust_Crop_Incidence,ewma_a50,16,7.43394273013771
2015,2016,Yellow_rust_Crop_Incidence,model_all,16,5.988023327892413
2015,2016,Yellow_rust_Crop_Incidence,model_mech,16,6.113554662771747
2015,2016,Yellow_rust_Crop_Incidence,blend_mech_roll8,16,6.459069181726868
2015,2016,Yellow_rust_Crop_Incidence,blend_all_roll8,16,6.372648229463944
2016,2017,Zymoseptoria_tritici_Disease_Severity,persistence,16,2.8101658425260245
2016,2017,Zymoseptoria_tritici_Disease_Severity,roll_k5,16,2.3869802126130986
2016,2017,Zymoseptoria_tritici_Disease_Severity,roll_k8,16,2.2979962259419784
2016,2017,Zymoseptoria_tritici_Disease_Severity,ewma_a30,16,2.2677534569924576
2016,2017,Zymoseptoria_tritici_Disease_Severity,ewma_a50,16,2.387572570758086
2016,2017,Zymoseptoria_tritici_Disease_Severity,model_all,16,1.4732915430913185
2016,2017,Zymoseptoria_tritici_Disease_Severity,model_mech,16,1.9439637992447623
2016,2017,Zymoseptoria_tritici_Disease_Severity,blend_mech_roll8,16,2.084974530399849
2016,2017,Zymoseptoria_tritici_Disease_Severity,blend_all_roll8,16,1.8505078741439946
2016,2017,Yellow_rust_Disease_Severity,persistence,16,0.030333562270198334
2016,2017,Yellow_rust_Disease_Severity,roll_k5,16,0.008083152732823081
2016,2017,Yellow_rust_Disease_Severity,roll_k8,16,0.005626065037868598
2016,2017,Yellow_rust_Disease_Severity,ewma_a30,16,0.009437622606537636
2016,2017,Yellow_rust_Disease_Severity,ewma_a50,16,0.01485545239086809
2016,2017,Yellow_rust_Disease_Severity,model_all,16,0.02265924928477236
2016,2017,Yellow_rust_Disease_Severity,model_mech,16,0.025410400599570452
2016,2017,Yellow_rust_Disease_Severity,blend_mech_roll8,16,0.013783127000334882
2016,2017,Yellow_rust_Disease_Severity,blend_all_roll8,16,0.012294124668421618
2016,2017,Zymoseptoria_tritici_Crop_Incidence,persistence,16,24.44935451346313
2016,2017,Zymoseptoria_tritici_Crop_Incidence,roll_k5,16,13.441091792242919
2016,2017,Zymoseptoria_tritici_Crop_Incidence,roll_k8,16,15.907385878033393
2016,2017,Zymoseptoria_tritici_Crop_Incidence,ewma_a30,16,15.041688231943878
2016,2017,Zymoseptoria_tritici_Crop_Incidence,ewma_a50,16,17.87010655240657
2016,2017,Zymoseptoria_tritici_Crop_Incidence,model_all,16,13.157491739088956
2016,2017,Zymoseptoria_tritici_Crop_Incidence,model_mech,16,18.225785584182045
2016,2017,Zymoseptoria_tritici_Crop_Incidence,blend_mech_roll8,16,16.60740140839281
2016,2017,Zymoseptoria_tritici_Crop_Incidence,blend_all_roll8,16,13.705678837541816
2016,2017,Yellow_rust_Crop_Incidence,persistence,16,6.604295467724017
2016,2017,Yellow_rust_Crop_Incidence,roll_k5,16,3.456363194168113
2016,2017,Yellow_rust_Crop_Incidence,roll_k8,16,3.219561468403441
2016,2017,Yellow_rust_Crop_Incidence,ewma_a30,16,3.42112853107183
2016,2017,Yellow_rust_Crop_Incidence,ewma_a50,16,3.934688894176725
2016,2017,Yellow_rust_Crop_Incidence,model_all,16,3.5639423932489818
2016,2017,Yellow_rust_Crop_Incidence,model_mech,16,3.708064367693569
2016,2017,Yellow_rust_Crop_Incidence,blend_mech_roll8,16,3.370440997209209
2016,2017,Yellow_rust_Crop_Incidence,blend_all_roll8,16,3.334553884976955
2017,2018,Zymoseptoria_tritici_Disease_Severity,persistence,16,2.4921202193112593
2017,2018,Zymoseptoria_tritici_Disease_Severity,roll_k5,16,1.203306802630874
2017,2018,Zymoseptoria_tritici_Disease_Severity,roll_k8,16,1.2953442324319628
2017,2018,Zymoseptoria_tritici_Disease_Severity,ewma_a30,16,1.1678016959428583
2017,2018,Zymoseptoria_tritici_Disease_Severity,ewma_a50,16,1.22140014504433
2017,2018,Zymoseptoria_tritici_Disease_Severity,model_all,16,1.0140586901054638
2017,2018,Zymoseptoria_tritici_Disease_Severity,model_mech,16,2.081343517583662
2017,2018,Zymoseptoria_tritici_Disease_Severity,blend_mech_roll8,16,1.448780487708023
2017,2018,Zymoseptoria_tritici_Disease_Severity,blend_all_roll8,16,1.1132736573731212
2017,2018,Yellow_rust_Disease_Severity,persistence,16,0.00698659430624106
2017,2018,Yellow_rust_Disease_Severity,roll_k5,16,0.007658152265451584
2017,2018,Yellow_rust_Disease_Severity,roll_k8,16,0.006823548564813371
2017,2018,Yellow_rust_Disease_Severity,ewma_a30,16,0.008449404955062141
2017,2018,Yellow_rust_Disease_Severity,ewma_a50,16,0.009825254008123433
2017,2018,Yellow_rust_Disease_Severity,model_all,16,0.03507166764171127
2017,2018,Yellow_rust_Disease_Severity,model_mech,16,0.03661537611077639
2017,2018,Yellow_rust_Disease_Severity,blend_mech_roll8,16,0.019356601481280905
2017,2018,Yellow_rust_Disease_Severity,blend_all_roll8,16,0.019567618770208847
2017,2018,Zymoseptoria_tritici_Crop_Incidence,persistence,16,29.56714645091744
2017,2018,Zymoseptoria_tritici_Crop_Incidence,roll_k5,16,30.652884513410804
2017,2018,Zymoseptoria_tritici_Crop_Incidence,roll_k8,16,33.12330853355359
2017,2018,Zymoseptoria_tritici_Crop_Incidence,ewma_a30,16,30.986243887573554
2017,2018,Zymoseptoria_tritici_Crop_Incidence,ewma_a50,16,29.552739616678334
2017,2018,Zymoseptoria_tritici_Crop_Incidence,model_all,16,27.139140573331982
2017,2018,Zymoseptoria_tritici_Crop_Incidence,model_mech,16,34.787862618443874
2017,2018,Zymoseptoria_tritici_Crop_Incidence,blend_mech_roll8,16,33.26848737477658
2017,2018,Zymoseptoria_tritici_Crop_Incidence,blend_all_roll8,16,29.896036249454987
2017,2018,Yellow_rust_Crop_Incidence,persistence,16,5.629053744858011
2017,2018,Yellow_rust_Crop_Incidence,roll_k5,16,3.711397816187319
2017,2018,Yellow_rust_Crop_Incidence,roll_k8,16,3.967670848607609
2017,2018,Yellow_rust_Crop_Incidence,ewma_a30,16,4.053683529341122
2017,2018,Yellow_rust_Crop_Incidence,ewma_a50,16,4.5246733821386025
2017,2018,Yellow_rust_Crop_Incidence,model_all,16,3.9143510145482265
2017,2018,Yellow_rust_Crop_Incidence,model_mech,16,3.4952443414981342
2017,2018,Yellow_rust_Crop_Incidence,blend_mech_roll8,16,3.642645703965095
2017,2018,Yellow_rust_Crop_Incidence,blend_all_roll8,16,3.8400209888909362
2018,2019,Zymoseptoria_tritici_Disease_Severity,persistence,16,1.9951963405890658
2018,2019,Zymoseptoria_tritici_Disease_Severity,roll_k5,16,1.5679739670839286
2018,2019,Zymoseptoria_tritici_Disease_Severity,roll_k8,16,1.2607675116176464
2018,2019,Zymoseptoria_tritici_Disease_Severity,ewma_a30,16,1.6302562206008009
2018,2019,Zymoseptoria_tritici_Disease_Severity,ewma_a50,16,1.8133225005138194
2018,2019,Zymoseptoria_tritici_Disease_Severity,model_all,16,1.3782567484992865
2018,2019,Zymoseptoria_tritici_Disease_Severity,model_mech,16,1.564374640161456
2018,2019,Zymoseptoria_tritici_Disease_Severity,blend_mech_roll8,16,1.3308291333486206
2018,2019,Zymoseptoria_tritici_Disease_Severity,blend_all_roll8,16,1.2621951454041067
2018,2019,Yellow_rust_Disease_Severity,persistence,16,0.01023474474522936
2018,2019,Yellow_rust_Disease_Severity,roll_k5,16,0.009475697857822462
2018,2019,Yellow_rust_Disease_Severity,roll_k8,16,0.008864287949905736
2018,2019,Yellow_rust_Disease_Severity,ewma_a30,16,0.008843676378784379
2018,2019,Yellow_rust_Disease_Severity,ewma_a50,16,0.008800203869174792
2018,2019,Yellow_rust_Disease_Severity,model_all,16,0.021762154405397124
2018,2019,Yellow_rust_Disease_Severity,model_mech,16,0.041578453798923276
2018,2019,Yellow_rust_Disease_Severity,blend_mech_roll8,16,0.023240679783668325
2018,2019,Yellow_rust_Disease_Severity,blend_all_roll8,16,0.013402417440612116
2018,2019,Zymoseptoria_tritici_Crop_Incidence,persistence,16,35.74859893583244
2018,2019,Zymoseptoria_tritici_Crop_Incidence,roll_k5,16,15.929332255072717
2018,2019,Zymoseptoria_tritici_Crop_Incidence,roll_k8,16,13.327109894996749
2018,2019,Zymoseptoria_tritici_Crop_Incidence,ewma_a30,16,17.53965172152473
2018,2019,Zymoseptoria_tritici_Crop_Incidence,ewma_a50,16,23.118075610768546
2018,2019,Zymoseptoria_tritici_Crop_Incidence,model_all,16,15.083450581393405
2018,2019,Zymoseptoria_tritici_Crop_Incidence,model_mech,16,17.242787575724964
2018,2019,Zymoseptoria_tritici_Crop_Incidence,blend_mech_roll8,16,14.233068684577354
2018,2019,Zymoseptoria_tritici_Crop_Incidence,blend_all_roll8,16,13.306094667535602
2018,2019,Yellow_rust_Crop_Incidence,persistence,16,4.394517024088085
2018,2019,Yellow_rust_Crop_Incidence,roll_k5,16,3.823006525955717
2018,2019,Yellow_rust_Crop_Incidence,roll_k8,16,3.7346692245494615
2018,2019,Yellow_rust_Crop_Incidence,ewma_a30,16,3.7030555239524596
2018,2019,Yellow_rust_Crop_Incidence,ewma_a50,16,3.815615610442107
2018,2019,Yellow_rust_Crop_Incidence,model_all,16,3.5031500219227345
2018,2019,Yellow_rust_Crop_Incidence,model_mech,16,4.162675838359634
2018,2019,Yellow_rust_Crop_Incidence,blend_mech_roll8,16,3.9038828232378466
2018,2019,Yellow_rust_Crop_Incidence,blend_all_roll8,16,3.5958955001202724
2020,2021,Zymoseptoria_tritici_Disease_Severity,persistence,18,5.419665774852828
2020,2021,Zymoseptoria_tritici_Disease_Severity,roll_k5,18,3.8644044123652557
2020,2021,Zymoseptoria_tritici_Disease_Severity,roll_k8,18,3.2482705248647727
2020,2021,Zymoseptoria_tritici_Disease_Severity,ewma_a30,18,3.6300049252177806
2020,2021,Zymoseptoria_tritici_Disease_Severity,ewma_a50,18,3.7514993257725133
2020,2021,Zymoseptoria_tritici_Disease_Severity,model_all,18,3.805510667708502
2020,2021,Zymoseptoria_tritici_Disease_Severity,model_mech,18,3.830285368258265
2020,2021,Zymoseptoria_tritici_Disease_Severity,blend_mech_roll8,18,3.460313738722299
2020,2021,Zymoseptoria_tritici_Disease_Severity,blend_all_roll8,18,3.458179826993406
2020,2021,Yellow_rust_Disease_Severity,persistence,18,0.16620118330906472
2020,2021,Yellow_rust_Disease_Severity,roll_k5,18,0.16703290982849622
2020,2021,Yellow_rust_Disease_Severity,roll_k8,18,0.16836234023400135
2020,2021,Yellow_rust_Disease_Severity,ewma_a30,18,0.16733362441198693
2020,2021,Yellow_rust_Disease_Severity,ewma_a50,18,0.16696243665315377
2020,2021,Yellow_rust_Disease_Severity,model_all,18,0.14514335336045225
2020,2021,Yellow_rust_Disease_Severity,model_mech,18,0.16550707363842873
2020,2021,Yellow_rust_Disease_Severity,blend_mech_roll8,18,0.16357069141812197
2020,2021,Yellow_rust_Disease_Severity,blend_all_roll8,18,0.154743365938677
2020,2021,Zymoseptoria_tritici_Crop_Incidence,persistence,18,28.74373180364721
2020,2021,Zymoseptoria_tritici_Crop_Incidence,roll_k5,18,33.79287871378295
2020,2021,Zymoseptoria_tritici_Crop_Incidence,roll_k8,18,24.946697940534833
2020,2021,Zymoseptoria_tritici_Crop_Incidence,ewma_a30,18,29.18094832325596
2020,2021,Zymoseptoria_tritici_Crop_Incidence,ewma_a50,18,29.919068112109027
2020,2021,Zymoseptoria_tritici_Crop_Incidence,model_all,18,30.11743230940534
2020,2021,Zymoseptoria_tritici_Crop_Incidence,model_mech,18,31.65709180264589
2020,2021,Zymoseptoria_tritici_Crop_Incidence,blend_mech_roll8,18,27.70385835546788
2020,2021,Zymoseptoria_tritici_Crop_Incidence,blend_all_roll8,18,26.977759534971437
2020,2021,Yellow_rust_Crop_Incidence,persistence,18,21.299632482484032
2020,2021,Yellow_rust_Crop_Incidence,roll_k5,18,22.52298212868111
2020,2021,Yellow_rust_Crop_Incidence,roll_k8,18,22.677063003531693
2020,2021,Yellow_rust_Crop_Incidence,ewma_a30,18,22.348436387585313
2020,2021,Yellow_rust_Crop_Incidence,ewma_a50,18,22.01790592298225
2020,2021,Yellow_rust_Crop_Incidence,model_all,18,19.859807511437722
2020,2021,Yellow_rust_Crop_Incidence,model_mech,18,20.31609037384554
2020,2021,Yellow_rust_Crop_Incidence,blend_mech_roll8,18,21.46667754149943
2020,2021,Yellow_rust_Crop_Incidence,blend_all_roll8,18,21.23757664924371
2021,2022,Zymoseptoria_tritici_Disease_Severity,persistence,18,4.052964477460364
2021,2022,Zymoseptoria_tritici_Disease_Severity,roll_k5,18,2.8858611158773106
2021,2022,Zymoseptoria_tritici_Disease_Severity,roll_k8,18,2.613098813062184
2021,2022,Zymoseptoria_tritici_Disease_Severity,ewma_a30,18,2.785862579944637
2021,2022,Zymoseptoria_tritici_Disease_Severity,ewma_a50,18,2.8745361911495846
2021,2022,Zymoseptoria_tritici_Disease_Severity,model_all,18,3.069167110615657
2021,2022,Zymoseptoria_tritici_Disease_Severity,model_mech,18,3.466050145245484
2021,2022,Zymoseptoria_tritici_Disease_Severity,blend_mech_roll8,18,3.024458299164423
2021,2022,Zymoseptoria_tritici_Disease_Severity,blend_all_roll8,18,2.8279970347293326
2021,2022,Yellow_rust_Disease_Severity,persistence,18,0.16039361306208896
2021,2022,Yellow_rust_Disease_Severity,roll_k5,18,0.04698831347003277
2021,2022,Yellow_rust_Disease_Severity,roll_k8,18,0.04418809416407711
2021,2022,Yellow_rust_Disease_Severity,ewma_a30,18,0.053477289971385476
2021,2022,Yellow_rust_Disease_Severity,ewma_a50,18,0.07695816922575417
2021,2022,Yellow_rust_Disease_Severity,model_all,18,0.1131467687346285
2021,2022,Yellow_rust_Disease_Severity,model_mech,18,0.12544990531217995
2021,2022,Yellow_rust_Disease_Severity,blend_mech_roll8,18,0.06652159680335418
2021,2022,Yellow_rust_Disease_Severity,blend_all_roll8,18,0.06659454043466412
2021,2022,Zymoseptoria_tritici_Crop_Incidence,persistence,18,16.453726764610032
2021,2022,Zymoseptoria_tritici_Crop_Incidence,roll_k5,18,17.22785443480025
2021,2022,Zymoseptoria_tritici_Crop_Incidence,roll_k8,18,16.465559134850658
2021,2022,Zymoseptoria_tritici_Crop_Incidence,ewma_a30,18,13.915420538817067
2021,2022,Zymoseptoria_tritici_Crop_Incidence,ewma_a50,18,11.641702429801294
2021,2022,Zymoseptoria_tritici_Crop_Incidence,model_all,18,17.101765393017384
2021,2022,Zymoseptoria_tritici_Crop_Incidence,model_mech,18,21.790646557532984
2021,2022,Zymoseptoria_tritici_Crop_Incidence,blend_mech_roll8,18,18.213266117748297
2021,2022,Zymoseptoria_tritici_Crop_Incidence,blend_all_roll8,18,15.989734692075098
2021,2022,Yellow_rust_Crop_Incidence,persistence,18,18.50790835171699
2021,2022,Yellow_rust_Crop_Incidence,roll_k5,18,4.598559401957675
2021,2022,Yellow_rust_Crop_Incidence,roll_k8,18,5.118998361987892
2021,2022,Yellow_rust_Crop_Incidence,ewma_a30,18,5.07555780141931
2021,2022,Yellow_rust_Crop_Incidence,ewma_a50,18,8.235390805837406
2021,2022,Yellow_rust_Crop_Incidence,model_all,18,5.918270663841181
2021,2022,Yellow_rust_Crop_Incidence,model_mech,18,5.642813159368805
2021,2022,Yellow_rust_Crop_Incidence,blend_mech_roll8,18,5.0817408392806875
2021,2022,Yellow_rust_Crop_Incidence,blend_all_roll8,18,5.420493655703617
2022,2023,Zymoseptoria_tritici_Disease_Severity,persistence,18,3.458764832518491
2022,2023,Zymoseptoria_tritici_Disease_Severity,roll_k5,18,1.3298988023841023
2022,2023,Zymoseptoria_tritici_Disease_Severity,roll_k8,18,1.3798722667844143
2022,2023,Zymoseptoria_tritici_Disease_Severity,ewma_a30,18,1.5573913301064453
2022,2023,Zymoseptoria_tritici_Disease_Severity,ewma_a50,18,1.820681867167659
2022,2023,Zymoseptoria_tritici_Disease_Severity,model_all,18,1.6452868212777294
2022,2023,Zymoseptoria_tritici_Disease_Severity,model_mech,18,1.579800205536759
2022,2023,Zymoseptoria_tritici_Disease_Severity,blend_mech_roll8,18,1.39901291208759
2022,2023,Zymoseptoria_tritici_Disease_Severity,blend_all_roll8,18,1.4781202897719292
2022,2023,Yellow_rust_Disease_Severity,persistence,18,0.03994996871087635
2022,2023,Yellow_rust_Disease_Severity,roll_k5,18,0.03230349993404916
2022,2023,Yellow_rust_Disease_Severity,roll_k8,18,0.02259008074857731
2022,2023,Yellow_rust_Disease_Severity,ewma_a30,18,0.03567664874122771
2022,2023,Yellow_rust_Disease_Severity,ewma_a50,18,0.04595085912062666
2022,2023,Yellow_rust_Disease_Severity,model_all,18,0.03497917991189838
2022,2023,Yellow_rust_Disease_Severity,model_mech,18,0.0324060787941165
2022,2023,Yellow_rust_Disease_Severity,blend_mech_roll8,18,0.024668151064741645
2022,2023,Yellow_rust_Disease_Severity,blend_all_roll8,18,0.025742857767495846
2022,2023,Zymoseptoria_tritici_Crop_Incidence,persistence,18,21.696991282715267
2022,2023,Zymoseptoria_tritici_Crop_Incidence,roll_k5,18,23.550531236423897
2022,2023,Zymoseptoria_tritici_Crop_Incidence,roll_k8,18,22.763636143144296
2022,2023,Zymoseptoria_tritici_Crop_Incidence,ewma_a30,18,20.975986728901763
2022,2023,Zymoseptoria_tritici_Crop_Incidence,ewma_a50,18,19.214527356483114
2022,2023,Zymoseptoria_tritici_Crop_Incidence,model_all,18,19.316621174246233
2022,2023,Zymoseptoria_tritici_Crop_Incidence,model_mech,18,24.155477939522612
2022,2023,Zymoseptoria_tritici_Crop_Incidence,blend_mech_roll8,18,22.90273747159165
2022,2023,Zymoseptoria_tritici_Crop_Incidence,blend_all_roll8,18,20.60898417072712
2022,2023,Yellow_rust_Crop_Incidence,persistence,18,7.661863600543495
2022,2023,Yellow_rust_Crop_Incidence,roll_k5,18,6.108938305648718
2022,2023,Yellow_rust_Crop_Incidence,roll_k8,18,5.317494250995952
2022,2023,Yellow_rust_Crop_Incidence,ewma_a30,18,6.490889309220144
2022,2023,Yellow_rust_Crop_Incidence,ewma_a50,18,8.021532342030499
2022,2023,Yellow_rust_Crop_Incidence,model_all,18,4.608821983318007
2022,2023,Yellow_rust_Crop_Incidence,model_mech,18,4.650343480269278
2022,2023,Yellow_rust_Crop_Incidence,blend_mech_roll8,18,4.698214082365023
2022,2023,Yellow_rust_Crop_Incidence,blend_all_roll8,18,4.713553692627589
2023,2024,Zymoseptoria_tritici_Disease_Severity,persistence,18,4.427521522627906
2023,2024,Zymoseptoria_tritici_Disease_Severity,roll_k5,18,4.627611476356044
2023,2024,Zymoseptoria_tritici_Disease_Severity,roll_k8,18,5.005455130290655
2023,2024,Zymoseptoria_tritici_Disease_Severity,ewma_a30,18,4.441792554098929
2023,2024,Zymoseptoria_tritici_Disease_Severity,ewma_a50,18,4.274536463783501
2023,2024,Zymoseptoria_tritici_Disease_Severity,model_all,18,2.5943091274460945
2023,2024,Zymoseptoria_tritici_Disease_Severity,model_mech,18,3.0086006686545845
2023,2024,Zymoseptoria_tritici_Disease_Severity,blend_mech_roll8,18,3.902856676979789
2023,2024,Zymoseptoria_tritici_Disease_Severity,blend_all_roll8,18,3.487803052776686
2023,2024,Yellow_rust_Disease_Severity,persistence,18,0.027464118004730788
2023,2024,Yellow_rust_Disease_Severity,roll_k5,18,0.039264389068016
2023,2024,Yellow_rust_Disease_Severity,roll_k8,18,0.027795866121046467
2023,2024,Yellow_rust_Disease_Severity,ewma_a30,18,0.03358262447041357
2023,2024,Yellow_rust_Disease_Severity,ewma_a50,18,0.03402798345757716
2023,2024,Yellow_rust_Disease_Severity,model_all,18,0.11086675664734512
2023,2024,Yellow_rust_Disease_Severity,model_mech,18,0.039280487260737115
2023,2024,Yellow_rust_Disease_Severity,blend_mech_roll8,18,0.030240928982233333
2023,2024,Yellow_rust_Disease_Severity,blend_all_roll8,18,0.06323890894174332
2023,2024,Zymoseptoria_tritici_Crop_Incidence,persistence,18,10.889008242259717
2023,2024,Zymoseptoria_tritici_Crop_Incidence,roll_k5,18,26.265398729676438
2023,2024,Zymoseptoria_tritici_Crop_Incidence,roll_k8,18,31.99141900913246
2023,2024,Zymoseptoria_tritici_Crop_Incidence,ewma_a30,18,22.29355435148726
2023,2024,Zymoseptoria_tritici_Crop_Incidence,ewma_a50,18,16.744402771846882
2023,2024,Zymoseptoria_tritici_Crop_Incidence,model_all,18,11.363501777276841
2023,2024,Zymoseptoria_tritici_Crop_Incidence,model_mech,18,18.049866399588666
2023,2024,Zymoseptoria_tritici_Crop_Incidence,blend_mech_roll8,18,24.765128592171035
2023,2024,Zymoseptoria_tritici_Crop_Incidence,blend_all_roll8,18,21.4405050855936
2023,2024,Yellow_rust_Crop_Incidence,persistence,18,10.90881321837226
2023,2024,Yellow_rust_Crop_Incidence,roll_k5,18,10.111703371506373
2023,2024,Yellow_rust_Crop_Incidence,roll_k8,18,9.127951866772637
2023,2024,Yellow_rust_Crop_Incidence,ewma_a30,18,9.634126310834255
2023,2024,Yellow_rust_Crop_Incidence,ewma_a50,18,9.953836909753925
2023,2024,Yellow_rust_Crop_Incidence,model_all,18,7.934351255337844
2023,2024,Yellow_rust_Crop_Incidence,model_mech,18,7.907350373643269
2023,2024,Yellow_rust_Crop_Incidence,blend_mech_roll8,18,8.41675976557025
2023,2024,Yellow_rust_Crop_Incidence,blend_all_roll8,18,8.429163111898974
2024,2025,Zymoseptoria_tritici_Disease_Severity,persistence,18,6.7359430421186515
2024,2025,Zymoseptoria_tritici_Disease_Severity,roll_k5,18,3.4594465467001236
2024,2025,Zymoseptoria_tritici_Disease_Severity,roll_k8,18,2.3270121954400125
2024,2025,Zymoseptoria_tritici_Disease_Severity,ewma_a30,18,3.301183392825306
2024,2025,Zymoseptoria_tritici_Disease_Severity,ewma_a50,18,4.214542250434554
2024,2025,Zymoseptoria_tritici_Disease_Severity,model_all,18,1.5226375725171468
2024,2025,Zymoseptoria_tritici_Disease_Severity,model_mech,18,1.5849988816719351
2024,2025,Zymoseptoria_tritici_Disease_Severity,blend_mech_roll8,18,1.9339424079943752
2024,2025,Zymoseptoria_tritici_Disease_Severity,blend_all_roll8,18,1.9085693121608578
2024,2025,Yellow_rust_Disease_Severity,persistence,18,0.09580477835450357
2024,2025,Yellow_rust_Disease_Severity,roll_k5,18,0.07159907284769851
2024,2025,Yellow_rust_Disease_Severity,roll_k8,18,0.08026621323232774
2024,2025,Yellow_rust_Disease_Severity,ewma_a30,18,0.08085344757995724
2024,2025,Yellow_rust_Disease_Severity,ewma_a50,18,0.0843500453054989
2024,2025,Yellow_rust_Disease_Severity,model_all,18,0.08150783057919084
2024,2025,Yellow_rust_Disease_Severity,model_mech,18,0.08001281059334868
2024,2025,Yellow_rust_Disease_Severity,blend_mech_roll8,18,0.07463032200318359
2024,2025,Yellow_rust_Disease_Severity,blend_all_roll8,18,0.07974362306387513
2024,2025,Zymoseptoria_tritici_Crop_Incidence,persistence,18,52.07277995907907
2024,2025,Zymoseptoria_tritici_Crop_Incidence,roll_k5,18,37.41305296138116
2024,2025,Zymoseptoria_tritici_Crop_Incidence,roll_k8,18,28.47790899614181
2024,2025,Zymoseptoria_tritici_Crop_Incidence,ewma_a30,18,37.38880988040971
2024,2025,Zymoseptoria_tritici_Crop_Incidence,ewma_a50,18,44.19529218936728
2024,2025,Zymoseptoria_tritici_Crop_Incidence,model_all,18,20.296547358551425
2024,2025,Zymoseptoria_tritici_Crop_Incidence,model_mech,18,21.027561190347836
2024,2025,Zymoseptoria_tritici_Crop_Incidence,blend_mech_roll8,18,24.126947409987462
2024,2025,Zymoseptoria_tritici_Crop_Incidence,blend_all_roll8,18,23.781993936144943
2024,2025,Yellow_rust_Crop_Incidence,persistence,18,20.02074516178989
2024,2025,Yellow_rust_Crop_Incidence,roll_k5,18,18.177107164049325
2024,2025,Yellow_rust_Crop_Incidence,roll_k8,18,19.596713666857475
2024,2025,Yellow_rust_Crop_Incidence,ewma_a30,18,19.363001349999422
2024,2025,Yellow_rust_Crop_Incidence,ewma_a50,18,19.317738442773543
2024,2025,Yellow_rust_Crop_Incidence,model_all,18,20.222964801055205
2024,2025,Yellow_rust_Crop_Incidence,model_mech,18,20.05940337199265
2024,2025,Yellow_rust_Crop_Incidence,blend_mech_roll8,18,19.79550080613073
2024,2025,Yellow_rust_Crop_Incidence,blend_all_roll8,18,19.881074220692536
