Region,Year,L1_Zymoseptoria_tritici_Disease_Severity_pred,L2_Zymoseptoria_tritici_Disease_Severity_pred,L1_Yellow_rust_Disease_Severity_pred,L2_Yellow_rust_Disease_Severity_pred,L1_Zymoseptoria_tritici_Crop_Incidence_pred,L2_Zymoseptoria_tritici_Crop_Incidence_pred,L1_Yellow_rust_Crop_Incidence_pred,L2_Yellow_rust_Crop_Incidence_pred
East,2016,1.3904732827291024,3.8038129466959,0.05666760659511634,0.05666760659511634,73.2271499633789,93.55384063720703,2.8414294719696045,2.8414294719696045
East,2017,0.8017267928844347,2.2134033934998056,0.01881623290793898,0.02000467076472069,58.55607604980469,74.21818542480469,2.8458287715911865,2.7003533840179443
East,2018,0.5971774318705897,1.7428661142753068,0.032653940976530064,0.026856161519886425,49.56157684326172,74.45179748535156,3.0142130851745605,2.146533489227295
East,2019,0.9957267501330219,2.745912927021989,0.016048130927609528,0.016048130927609528,64.42401123046875,78.07366180419922,2.421436071395874,2.467150926589966
East,2021,0.7144775447501456,1.6582127015745798,0.04941103436643338,0.050120807625070214,56.376258850097656,72.65354919433594,5.707986354827881,5.707986354827881
East,2022,0.8451670381184718,1.9330442123619402,0.08016008272429168,0.08016008272429168,60.621822357177734,70.96849060058594,5.069845676422119,5.046737194061279
East,2023,0.767372550575612,2.5023178847836527,0.04025690948902681,0.04074787724034151,57.830413818359375,82.0715103149414,2.987178087234497,2.728376626968384
East,2024,2.2021842059594596,5.441161023320907,0.05496237238884782,0.05679906669924836,78.24832153320312,91.39852142333984,3.338188648223877,3.177671432495117
East,2025,0.4731696049074788,1.4605730276396998,0.018752330096478153,0.016981762099696665,35.93515396118164,57.13811111450195,2.11985182762146,2.11985182762146
East Midlands,2016,1.7703864446558637,5.533520809201651,0.05904189208801839,0.05904189208801839,74.41108703613281,93.80989074707031,3.2901194095611572,3.2901194095611572
East Midlands,2017,0.49239399000806666,1.5916463662062996,0.02432090965963933,0.024822625868558188,49.276695251464844,70.208740234375,2.6633102893829346,2.5131137371063232
East Midlands,2018,0.3800424492258241,1.5741187135596724,0.03738279827846765,0.03738279827846765,36.77556610107422,66.69489288330078,2.654128074645996,1.7864494323730469
East Midlands,2019,1.0604673284662491,2.857563577422367,0.03038461294427919,0.03038461294427919,61.72018051147461,79.06536102294922,1.821020483970642,1.821020483970642
East Midlands,2021,0.5399102891186391,1.2750062529771948,0.05089235050115597,0.05089235050115597,51.81127166748047,72.75655364990234,5.509033679962158,5.509033679962158
East Midlands,2022,0.6052670284263568,1.6788058391735121,0.06513538964129895,0.0632841911346859,57.67311477661133,76.1703872680664,4.594435691833496,4.594435691833496
East Midlands,2023,0.9005572332152292,2.2475416274054405,0.0327246462283717,0.030934145979327105,66.23202514648438,83.83503723144531,2.370875597000122,2.4218528270721436
East Midlands,2024,2.0624018132859794,5.422533187070246,0.03610499883823041,0.03430427037781693,77.91370391845703,90.27381134033203,3.3522591590881348,3.191741943359375
East Midlands,2025,0.3297167270513451,1.158585804479009,0.011747760008212843,0.013447102005297494,31.570741653442383,51.877620697021484,2.009545087814331,2.009545087814331
North East,2016,2.1864954841757007,4.13772139853963,0.016260675611533718,0.016260675611533718,54.79841613769531,74.92848205566406,2.36163067817688,2.008852243423462
North East,2017,0.2515218268492201,0.8295507136313923,0.022883857489762984,0.019216413506210075,46.838951110839844,70.20823669433594,3.319267988204956,2.632340908050537
North East,2018,0.6528955155299294,1.8603707304053716,0.01729315298990819,0.008563606326001717,42.698150634765625,66.55606079101562,2.646772861480713,1.8397939205169678
North East,2019,1.2698051313795768,2.7663444132253856,0.013042105884369907,0.013042105884369907,66.4063491821289,81.93624114990234,2.2328736782073975,2.241344690322876
North East,2021,0.3942668222978005,0.7779338123443706,0.03100258455689768,0.031699905266796814,32.58184814453125,57.885498046875,3.207782030105591,3.207782030105591
North East,2022,1.14954942975347,2.721332444147199,0.06657811631323143,0.06818299143147238,74.79310607910156,90.61822509765625,4.927768707275391,5.714093208312988
North East,2023,1.0453443431833322,3.539259340301105,0.03980960316290123,0.032421881423560686,65.61934661865234,84.02531433105469,2.404432773590088,2.196608543395996
North East,2024,4.888646109879113,10.384479456078278,0.10719298674723393,0.10097669956278525,86.5562973022461,95.97457885742188,9.5321683883667,9.189984321594238
North East,2025,0.3720319584468177,1.3016567527850986,0.009378898848545763,0.010224943858467745,45.173152923583984,70.72631072998047,1.8418956995010376,1.9920923709869385
North West,2016,4.336561478638282,8.720600611920709,0.053690922005029965,0.04777502765788906,76.76854705810547,92.59121704101562,2.7422027587890625,2.627399444580078
North West,2017,1.0502507160834194,2.8182155947156002,0.005626332950222989,0.007254771900963495,68.24500274658203,84.13878631591797,2.6244747638702393,2.6244747638702393
North West,2018,0.35687032719115336,1.061089472361805,0.03896290957220288,0.0269679152663511,39.37320327758789,60.80972671508789,1.987644910812378,2.1378419399261475
North West,2019,0.8914067722119006,2.3096365472580174,0.03961174338437324,0.0378959328401434,64.80972290039062,77.66656494140625,2.8769686222076416,2.7164504528045654
North West,2021,0.36157118737009974,1.2279702200140368,0.037887016813264535,0.05779293538882423,34.62785720825195,62.492794036865234,5.505535125732422,5.505535125732422
North West,2022,1.5621913644218723,2.9684417195774775,0.47344929914224376,0.4749908966898354,73.40853881835938,85.89899444580078,4.384442329406738,4.234245300292969
North West,2023,1.3584075610339508,3.196674540703087,0.015515942241514669,0.015515942241514669,66.71880340576172,78.983154296875,1.8611528873443604,1.8611528873443604
North West,2024,4.259850508033001,8.60824554884991,0.28916413067822283,0.3173687486468491,82.66515350341797,91.40582275390625,9.089262962341309,8.747078895568848
North West,2025,1.3401118929526892,3.1068612434871987,0.0033143488496318032,0.0015706113575462242,64.00900268554688,76.86348724365234,1.533642053604126,1.533642053604126
South East,2016,3.2929438865483056,10.450021630328314,0.09861607236161381,0.09861607236161381,82.92228698730469,98.2231674194336,3.515676259994507,3.5613911151885986
South East,2017,0.6776121047435645,2.3088613680897816,0.01571421546046647,0.01571421546046647,64.63394927978516,86.12238311767578,2.5153896808624268,2.520110845565796
South East,2018,1.3756469019324333,3.866099421233107,0.02404307022164766,0.02404307022164766,52.88128662109375,80.51996612548828,2.4370481967926025,1.789951205253601
South East,2019,0.9257744801309327,2.5449723060009957,0.011653333590838786,0.011653333590838786,65.68569946289062,85.23794555664062,1.6179996728897095,1.6637144088745117
South East,2021,0.7442528017321492,1.708241913730486,0.047827918249046676,0.04853662076090399,56.66282272338867,77.10249328613281,5.90481424331665,5.90481424331665
South East,2022,0.8667299023127106,1.856624761917331,0.10760427901568857,0.10605922418029679,63.414100646972656,78.73860931396484,5.265990734100342,5.50443696975708
South East,2023,1.3963603788097674,3.423099106606062,0.022517758771582252,0.02311149394965729,59.278690338134766,77.57369232177734,2.5465102195739746,2.2877092361450195
South East,2024,3.2648882070775302,7.43041458972557,0.08912473436090929,0.09457630733832562,85.22107696533203,97.03800964355469,4.829274654388428,4.804691314697266
South East,2025,0.4325402079432045,1.492390030373535,0.010033692819746632,0.011353275388312564,37.759361267089844,63.41914749145508,2.3205764293670654,2.170379877090454
South West,2016,4.315438729166005,12.00489695551801,0.10322856692407538,0.08624519896820353,84.3281478881836,97.9123306274414,3.515676259994507,3.5613911151885986
South West,2017,2.1784147325911016,8.423591471477469,0.029513369752703113,0.029513369752703113,72.10009765625,91.54081726074219,3.3191442489624023,3.3191442489624023
South West,2018,1.4652962448111557,4.7967733847322425,0.06555250957034833,0.06555250957034833,68.26372528076172,90.29280090332031,5.462346076965332,3.3487024307250977
South West,2019,1.6527696260571907,4.244268285287363,0.01748085012120156,0.01748085012120156,76.84296417236328,92.1636962890625,2.64713978767395,2.692854642868042
South West,2021,1.0110871644052748,2.7904327407147314,0.037805016929611406,0.038506940412949366,67.92396545410156,85.22012329101562,5.429505825042725,5.429505825042725
South West,2022,1.208710286392745,2.8857282357164094,0.13571678259935388,0.1321614181931802,68.48282623291016,85.49419403076172,4.48394775390625,4.662377834320068
South West,2023,0.942865735410552,3.2332818683741635,0.025366961780233958,0.02564477832887998,59.99636459350586,78.07861328125,2.1984305381774902,1.8404093980789185
South West,2024,4.369321838167345,12.1932613046624,0.2103750763271567,0.21129491869014574,86.0919189453125,95.3170166015625,7.174183368682861,6.9679341316223145
South West,2025,0.862646470556717,2.1223615438402517,0.0012784020904887375,0.0012784020904887375,54.140869140625,70.85104370117188,2.276529550552368,2.276529550552368
Wales,2021,0.9978602696068473,2.518185656944159,0.05572963415318211,0.05572963415318211,81.63479614257812,93.92293548583984,5.75263786315918,5.75263786315918
Wales,2022,2.439520293772254,5.61387721924996,0.18977053265416557,0.18852698212945854,86.63744354248047,95.67317199707031,4.680168628692627,4.680168628692627
Wales,2023,2.7280135454127845,6.115194656112439,0.022793812693609607,0.023852661673392336,83.0690689086914,95.01233673095703,4.081191539764404,4.044477462768555
Wales,2024,7.448618390900985,13.684480408570813,0.34671233015908015,0.4371792988272066,89.42860412597656,97.91934204101562,9.437511444091797,9.095327377319336
Wales,2025,1.448874014733732,3.746940771229555,0.017756361259881802,0.017756361259881802,81.16358184814453,93.69254302978516,2.4106686115264893,2.4106686115264893
West Midlands,2016,1.9386813725999756,5.564892673433618,0.026940479240816655,0.026940479240816655,71.826171875,91.29027557373047,2.652146100997925,2.697861433029175
West Midlands,2017,0.709558404309868,2.1271041770807195,0.06381848772668001,0.06381848772668001,62.40963363647461,83.73664093017578,2.3030688762664795,2.3030688762664795
West Midlands,2018,0.7846509643854601,2.57400056395694,0.025252300017993806,0.03167187394355995,63.57484436035156,88.70050811767578,3.243290901184082,1.9326577186584473
West Midlands,2019,1.3335235685093556,3.4209873492281546,0.010543529488496,0.009366116969621899,71.81678009033203,86.6545639038086,1.4984080791473389,1.6943199634552002
West Midlands,2021,0.5690602681592912,1.6269585964373374,0.049705962792674536,0.049705962792674536,42.54589080810547,69.98388671875,5.365536689758301,5.365536689758301
West Midlands,2022,0.725041950773015,1.753166485367919,0.0577305971590428,0.0577305971590428,61.83376693725586,81.86397552490234,4.211682319641113,4.211682319641113
West Midlands,2023,0.9419281823464672,2.7735210553635636,0.03560935803445253,0.04146343809407154,64.00631713867188,81.13215637207031,3.4902405738830566,3.3400444984436035
West Midlands,2024,3.3985590074721643,7.981889016974088,0.09063192120811413,0.10526027225887256,82.73016357421875,92.3401107788086,6.463735103607178,6.439151763916016
West Midlands,2025,0.668524701354578,1.3468977258402632,0.0019360234252632604,0.00361888821539233,45.63274383544922,63.3967170715332,1.8697006702423096,1.8697006702423096
Yorkshire and The Humber,2016,1.6171726790755412,3.7714185336253223,0.003144226495669119,0.003144226495669119,58.84225082397461,82.00273895263672,1.8344653844833374,1.8117281198501587
Yorkshire and The Humber,2017,0.8527720938654159,2.652847766549706,0.020990360468204856,0.016048130927609528,61.41297912597656,82.6141357421875,2.473543405532837,2.284334897994995
Yorkshire and The Humber,2018,0.6592764450943652,1.840772001285098,0.015757692601243406,0.015757692601243406,47.734222412109375,74.4482650756836,2.144333600997925,1.6399787664413452
Yorkshire and The Humber,2019,1.2562911294568468,3.4735692873653803,0.016048130927609528,0.016048130927609528,70.14752960205078,83.7862548828125,1.5566455125808716,1.5566455125808716
Yorkshire and The Humber,2021,0.6066316417414275,1.308576542555953,0.061036013954104754,0.061753653768505945,45.304725646972656,69.42337799072266,5.484769821166992,5.484769821166992
Yorkshire and The Humber,2022,0.8260187353622354,1.7226229501273478,0.05698091911024972,0.05845741643000078,56.710968017578125,74.1335220336914,4.196358680725098,4.882460117340088
Yorkshire and The Humber,2023,1.2119594111715495,2.7386911845256305,0.015454241890550221,0.015454241890550221,67.2966079711914,84.7599105834961,3.171128988265991,2.376422643661499
Yorkshire and The Humber,2024,2.1471307663800205,5.7179841810912055,0.056456873098964924,0.050525441632386196,78.01738739013672,89.79503631591797,3.1064915657043457,2.9459733963012695
Yorkshire and The Humber,2025,0.513800415098794,1.538592237525015,0.011747760008212843,0.011685755314490655,37.77195358276367,61.96161651611328,2.009545087814331,2.009545087814331
